-- Hospital Operations Management Database
-- Schema and data (synthesized data; no real patient information)
-- 9 tables: departments, staff, supplies, patients, encounters,
--           referrals, billing_claims, satisfaction_surveys, quality_indicators

-- Table structure for table `billing_claims`
--

DROP TABLE IF EXISTS `billing_claims`;
CREATE TABLE `billing_claims` (
  `ClaimID` int NOT NULL AUTO_INCREMENT,
  `EncounterID` int DEFAULT NULL,
  `BilledAmount` float DEFAULT NULL,
  `AllowedAmount` float DEFAULT NULL,
  `PaidAmount` float DEFAULT NULL,
  `ClaimStatus` varchar(20) DEFAULT NULL,
  `DateSubmitted` date DEFAULT NULL,
  PRIMARY KEY (`ClaimID`),
  KEY `EncounterID` (`EncounterID`),
  CONSTRAINT `billing_claims_ibfk_1` FOREIGN KEY (`EncounterID`) REFERENCES `encounters` (`EncounterID`)
) ENGINE=InnoDB AUTO_INCREMENT=378 DEFAULT CHARSET=utf8mb4 COLLATE=utf8mb4_0900_ai_ci;

--
-- Dumping data for table `billing_claims`
--

INSERT INTO `billing_claims` VALUES (1,1,448.29,283.55,220.58,'paid','2024-03-13'),(2,2,8214.6,0,0,'denied','2025-12-09'),(3,3,471.05,0,0,'denied','2025-01-17'),(4,4,4227,3427.21,3048.94,'paid','2026-03-07'),(5,5,14361.4,9348.97,7722.11,'paid','2024-11-27'),(6,6,4022.97,2265.07,0,'pending','2025-03-17'),(7,8,8314.21,0,0,'denied','2024-03-18'),(8,9,1113.11,833.03,788.92,'paid','2025-11-28'),(9,10,4223.76,3128.56,2448.19,'paid','2025-12-08'),(10,11,10549.7,0,0,'denied','2024-07-21'),(11,12,2513.78,0,0,'denied','2024-10-03'),(12,13,11542.1,0,0,'denied','2024-05-30'),(13,14,13703.6,9868.67,7821.17,'paid','2025-09-04'),(14,16,2207.36,0,0,'denied','2024-10-13'),(15,17,6469.37,4690.68,3723.76,'paid','2026-01-12'),(16,18,11355,9178.64,8035.8,'paid','2025-05-09'),(17,19,5817.65,4239.71,0,'pending','2025-09-15'),(18,22,10831.8,0,0,'denied','2026-02-28'),(19,23,1739.92,1183.89,0,'pending','2025-04-04'),(20,25,7546.25,4554.88,4209.18,'paid','2025-06-06'),(21,26,9163.88,0,0,'denied','2025-02-17'),(22,27,7367.44,4299.35,3980.1,'paid','2025-01-16'),(23,28,13179.3,10992.7,9853.61,'paid','2024-11-29'),(24,29,1951.98,0,0,'denied','2024-11-27'),(25,30,9128.41,0,0,'denied','2025-12-27'),(26,31,6029.96,4531.55,3795.72,'paid','2024-08-04'),(27,32,3428.61,0,0,'denied','2025-12-23'),(28,33,182.32,138.99,110.61,'paid','2026-01-20'),(29,34,7748.78,4909.19,0,'pending','2025-01-21'),(30,35,14037.5,10125.5,0,'pending','2024-07-18'),(31,36,6150.37,3556.75,0,'pending','2024-08-16'),(32,37,12967.8,0,0,'denied','2025-08-21'),(33,39,2913.87,1994.79,0,'pending','2024-09-23'),(34,40,13126.7,0,0,'denied','2025-12-15'),(35,41,8143.27,0,0,'denied','2025-06-02'),(36,42,7259.27,5875.62,4600.18,'paid','2024-05-09'),(37,43,11777.2,8085.11,0,'pending','2025-01-15'),(38,45,10797.2,6439.9,5110.32,'paid','2025-04-12'),(39,46,984.79,634.28,549.82,'paid','2026-02-04'),(40,47,923.93,648.92,495.58,'paid','2025-02-18'),(41,49,14128.3,0,0,'denied','2026-02-07'),(42,50,6331.93,0,0,'denied','2024-12-20'),(43,51,10764.2,6691.06,0,'pending','2025-04-13'),(44,52,6899.08,5717.31,4298.63,'paid','2025-05-08'),(45,54,3256.33,2050.06,1898.71,'paid','2025-08-22'),(46,55,6614.9,0,0,'denied','2025-09-10'),(47,56,12270.3,7850.69,7362.27,'paid','2025-12-03'),(48,57,1672.51,1197.46,965.57,'paid','2025-10-07'),(49,58,10335.9,0,0,'denied','2024-08-06'),(50,61,6396.87,4049.24,3307.06,'paid','2025-10-17'),(51,63,6669.4,0,0,'denied','2025-08-30'),(52,64,13255.4,0,0,'denied','2025-10-29'),(53,65,8321.44,5649.73,4585.61,'paid','2025-04-23'),(54,66,3799.23,2955.37,2375.38,'paid','2025-05-20'),(55,67,13892,8627.25,8154.83,'paid','2025-07-23'),(56,68,11068.2,7190.53,0,'pending','2025-01-03'),(57,69,3778.9,0,0,'denied','2025-05-29'),(58,70,3053.62,2520.87,2044.52,'paid','2025-04-04'),(59,71,2957.46,1917.85,1809.26,'paid','2025-02-15'),(60,72,6040.2,0,0,'denied','2026-01-18'),(61,73,14558.2,8786.92,6657.42,'paid','2024-10-30'),(62,74,11812.4,0,0,'denied','2024-04-07'),(63,76,737.47,0,0,'denied','2026-02-15'),(64,77,11148.6,8374.7,7003.42,'paid','2024-09-11'),(65,78,9976.06,5859.81,4989.19,'paid','2024-06-28'),(66,79,10480.8,7507.67,6262.07,'paid','2024-06-13'),(67,80,2672.36,1926.05,0,'pending','2025-07-10'),(68,81,4357.19,0,0,'denied','2025-09-10'),(69,82,6668.66,0,0,'denied','2024-11-04'),(70,84,2607.64,0,0,'denied','2024-07-13'),(71,85,1468.8,1227.33,1085.65,'paid','2024-04-09'),(72,86,439.55,274.04,0,'pending','2026-01-19'),(73,87,6872.09,0,0,'denied','2024-04-15'),(74,88,7453.58,4645.04,4313.07,'paid','2024-10-27'),(75,89,2700.11,0,0,'denied','2025-09-16'),(76,90,13768.2,8073.8,7349.45,'paid','2025-11-17'),(77,92,14254.3,0,0,'denied','2025-01-04'),(78,94,13465.8,10410.4,0,'pending','2026-01-02'),(79,95,12610,0,0,'denied','2025-09-28'),(80,96,6640.1,5073.46,4080.8,'paid','2025-01-19'),(81,97,2326.15,1546.68,1378.53,'paid','2026-01-02'),(82,98,8173.47,5514.9,5054.84,'paid','2025-05-07'),(83,99,10455.7,0,0,'denied','2024-11-01'),(84,100,5325,4132.43,0,'pending','2025-09-05'),(85,101,12013,9842.8,0,'pending','2025-01-10'),(86,102,508.2,330.76,0,'pending','2025-11-04'),(87,103,1979.84,1458.5,1358.43,'paid','2025-06-10'),(88,104,1327.92,901.11,0,'pending','2024-12-24'),(89,105,4960.74,3405.1,3072.24,'paid','2026-02-14'),(90,106,12491.5,7815.68,6596.91,'paid','2025-05-20'),(91,108,9778.4,7669.88,6909.39,'paid','2025-08-06'),(92,110,3635.28,2515.86,2170.67,'paid','2024-07-30'),(93,111,11521,0,0,'denied','2024-05-05'),(94,114,458.25,294.92,0,'pending','2024-11-01'),(95,115,8912.06,7122.26,5486.85,'paid','2025-09-30'),(96,116,12097.5,0,0,'denied','2024-09-20'),(97,117,9948.21,5677.31,4272.35,'paid','2024-12-23'),(98,118,6545.34,4311.13,0,'pending','2024-07-16'),(99,119,7862.07,0,0,'denied','2025-12-16'),(100,120,6575.95,5058.93,4120.3,'paid','2024-06-14'),(101,122,6803.22,0,0,'denied','2024-09-27'),(102,123,503.35,405.34,343.53,'paid','2025-06-07'),(103,124,4248.9,3096.8,2666.83,'paid','2025-12-21'),(104,125,10822.1,7538.39,6695.01,'paid','2025-04-20'),(105,126,11909.5,6882.7,5718.7,'paid','2024-07-23'),(106,127,5582.63,3997.4,3338.23,'paid','2025-06-01'),(107,128,6847.15,4395.78,3402.91,'paid','2024-09-12'),(108,129,8072.77,6285.92,4955.24,'paid','2024-05-22'),(109,130,14650.9,10363.9,9805.3,'paid','2025-08-16'),(110,131,2753.17,1941,1617.79,'paid','2025-11-01'),(111,132,888.8,566.74,497.36,'paid','2024-06-27'),(112,134,7080.75,4830.07,4555.24,'paid','2025-07-13'),(113,135,12345.1,8273.82,7160.2,'paid','2025-05-13'),(114,136,12181.3,10168.2,9647.41,'paid','2024-10-06'),(115,137,9124.29,7182.84,6501.47,'paid','2024-04-27'),(116,139,8858.74,0,0,'denied','2025-07-24'),(117,140,11120.8,9277.85,8119.07,'paid','2024-09-18'),(118,141,3654.99,2615.5,1963.02,'paid','2025-12-16'),(119,142,4422.04,2739.2,2439.52,'paid','2025-09-20'),(120,143,13864.4,0,0,'denied','2024-09-14'),(121,145,8202.59,6105.11,5588.17,'paid','2025-12-31'),(122,146,4666.11,0,0,'denied','2025-04-01'),(123,147,10353.5,7867.85,6688.42,'paid','2025-12-09'),(124,148,669.92,455.28,396.43,'paid','2025-04-20'),(125,149,10138.9,0,0,'denied','2024-10-21'),(126,150,4097.45,2303.05,1944,'paid','2024-11-17'),(127,152,8811.04,6524.01,0,'pending','2025-06-17'),(128,153,5049.63,3792.47,3094.51,'paid','2024-06-23'),(129,154,14182,0,0,'denied','2025-08-22'),(130,155,3842.05,2246.74,0,'pending','2024-06-18'),(131,157,8173.21,5508.53,4702.57,'paid','2025-12-23'),(132,158,6672.46,3773.17,3244.34,'paid','2026-02-20'),(133,160,505.88,373.85,333.46,'paid','2025-01-13'),(134,161,6164.26,3805.88,3205.65,'paid','2025-05-24'),(135,163,10770.3,7567.88,6304.79,'paid','2025-08-13'),(136,164,8302.63,0,0,'denied','2025-07-31'),(137,167,11865.8,0,0,'denied','2026-01-08'),(138,168,10911.3,0,0,'denied','2025-09-01'),(139,170,7303.8,0,0,'denied','2024-12-06'),(140,174,5790.84,4672.07,0,'pending','2024-10-06'),(141,175,10600.5,8410.7,0,'pending','2025-02-02'),(142,178,627.52,0,0,'denied','2025-06-17'),(143,179,12687.2,7357.48,0,'pending','2024-05-21'),(144,180,13073.7,10994.8,9278.48,'paid','2025-07-13'),(145,181,6007.44,3448.84,3174.55,'paid','2025-01-30'),(146,183,13320,0,0,'denied','2025-07-12'),(147,184,9495.08,7845.58,7055.95,'paid','2024-03-30'),(148,185,10580.6,6138.34,5455.76,'paid','2025-07-19'),(149,186,912.58,600.06,0,'pending','2025-10-05'),(150,187,8521.48,6712.85,5269.68,'paid','2025-12-30'),(151,188,10270.8,0,0,'denied','2024-07-02'),(152,189,3865.61,2422.18,2252.1,'paid','2025-06-07'),(153,190,2432.79,1660.43,1573.31,'paid','2026-01-20'),(154,192,6893.27,4416.08,0,'pending','2025-11-07'),(155,193,8610.95,6220.93,4692.99,'paid','2025-07-14'),(156,194,8521.49,6440.03,6002.9,'paid','2024-04-03'),(157,196,11998,8783.96,6972.72,'paid','2025-01-11'),(158,197,11352,8857.29,7755.88,'paid','2024-12-19'),(159,198,11845,6633.32,5946.59,'paid','2025-01-14'),(160,199,6276.38,0,0,'denied','2024-07-16'),(161,200,4142.47,2482.84,0,'pending','2024-03-19'),(162,203,1198.84,930.59,858.03,'paid','2026-02-05'),(163,206,11875.9,0,0,'denied','2024-11-20'),(164,207,11254,7074.81,0,'pending','2024-11-16'),(165,208,3564.79,0,0,'denied','2025-06-08'),(166,209,1018.51,811.91,714.36,'paid','2024-03-24'),(167,210,630.39,535.06,411.7,'paid','2024-09-27'),(168,211,5612.35,0,0,'denied','2025-08-08'),(169,212,2381.25,1606.07,1472.35,'paid','2026-01-24'),(170,214,10377.4,6384,0,'pending','2026-01-12'),(171,215,14715.3,9715.08,7403.96,'paid','2025-08-08'),(172,219,3240.68,2404.09,1827.39,'paid','2024-10-31'),(173,221,3137.69,0,0,'denied','2024-06-17'),(174,222,13055.2,8467.18,7685.9,'paid','2025-05-24'),(175,223,14761.6,0,0,'denied','2024-05-24'),(176,224,9941.29,5544.6,4555.71,'paid','2025-01-31'),(177,225,2675.62,1513.65,0,'pending','2026-02-08'),(178,226,7182.97,0,0,'denied','2024-03-20'),(179,227,3381.63,0,0,'denied','2024-07-05'),(180,228,539.92,458.7,0,'pending','2026-03-06'),(181,229,10707.6,7314.02,5956.7,'paid','2024-10-09'),(182,230,9392.94,6815.61,5630.93,'paid','2025-12-04'),(183,231,7620.35,5174.67,4763.59,'paid','2025-07-17'),(184,232,12992.5,8822.16,7346.77,'paid','2024-07-17'),(185,233,1494.16,1013.08,835.65,'paid','2024-08-26'),(186,235,12489.2,7218.37,6488.72,'paid','2024-03-08'),(187,236,970.22,0,0,'denied','2024-04-14'),(188,237,5352.45,4012.21,0,'pending','2025-07-16'),(189,238,5323.32,3850.76,3007.24,'paid','2024-06-27'),(190,240,8377.26,4896.22,4234.35,'paid','2025-08-04'),(191,241,11528.9,0,0,'denied','2024-10-25'),(192,244,2767.71,2105.7,1967.37,'paid','2024-10-19'),(193,245,2213.03,1653.58,1287.11,'paid','2025-05-24'),(194,246,7992.45,5297.86,0,'pending','2025-07-27'),(195,247,10844.8,0,0,'denied','2024-04-08'),(196,249,11335,6403.44,5151.06,'paid','2024-11-27'),(197,250,6672.51,0,0,'denied','2025-04-14'),(198,251,4302.45,3242.09,0,'pending','2024-04-17'),(199,252,3366.24,2845.6,2138.57,'paid','2025-01-28'),(200,253,11480.1,7310.92,5494.49,'paid','2024-05-26'),(201,254,8023.79,0,0,'denied','2024-09-02'),(202,255,6001.29,4636.67,0,'pending','2025-09-04'),(203,258,8632.99,6585.67,0,'pending','2024-07-12'),(204,259,14495.5,11557.2,10418.8,'paid','2025-05-05'),(205,260,5475.65,3728.99,2978.21,'paid','2025-01-16'),(206,261,5981.82,3846.8,3055.57,'paid','2025-09-29'),(207,262,1776.85,1249.1,1024.54,'paid','2025-01-01'),(208,263,1609.36,1008.73,878.08,'paid','2025-01-11'),(209,264,11609.8,0,0,'denied','2025-02-20'),(210,265,13239.6,0,0,'denied','2024-10-30'),(211,267,6638.46,4585.03,4169.01,'paid','2024-04-26'),(212,268,1182.3,814.04,619.79,'paid','2024-12-23'),(213,269,14662.2,0,0,'denied','2024-11-02'),(214,270,8348.17,6574.56,5522.28,'paid','2025-11-09'),(215,271,9104.71,6377.03,5357.37,'paid','2025-11-27'),(216,272,9718.45,5459.27,0,'pending','2024-11-23'),(217,273,2444.29,1617.77,1338.68,'paid','2025-01-19'),(218,274,11854.2,8821.8,7198.04,'paid','2025-08-17'),(219,275,3836.04,0,0,'denied','2025-12-07'),(220,276,9979.41,8233.25,7768.39,'paid','2025-06-24'),(221,277,8955.99,7446.02,6416.86,'paid','2024-10-19'),(222,278,1982.32,0,0,'denied','2024-07-01'),(223,279,7664.19,4257.22,3346.4,'paid','2025-11-26'),(224,281,3456.15,2043.52,1653.53,'paid','2025-07-11'),(225,282,12539.2,10220.7,9018.63,'paid','2024-06-10'),(226,283,2377.22,0,0,'denied','2025-11-04'),(227,284,6207.06,4673.35,4411.26,'paid','2026-02-13'),(228,285,11773.2,7301.76,5928.25,'paid','2024-08-25'),(229,286,10198.7,7354.57,0,'pending','2025-11-26'),(230,287,5774.45,4089.68,3735.42,'paid','2025-08-16'),(231,289,7247.82,4793.44,4277.09,'paid','2024-11-30'),(232,290,1326.84,793.57,0,'pending','2025-02-05'),(233,292,13664.3,10863.3,10169,'paid','2024-05-18'),(234,293,5656.38,3766.3,3107.13,'paid','2025-07-08'),(235,296,11886.4,7028.17,6560.65,'paid','2025-09-07'),(236,298,7076.47,5198.41,3918.57,'paid','2025-12-11'),(237,299,14107.9,10336.3,0,'pending','2025-04-13'),(238,300,4569.68,2578.78,0,'pending','2025-09-24'),(239,301,1012.4,810.94,0,'pending','2024-03-21'),(240,302,7766.98,4835.58,3908.38,'paid','2025-07-04'),(241,303,8592.16,5208.52,4451.71,'paid','2025-05-25'),(242,305,11812.2,8295.55,6869.47,'paid','2025-04-04'),(243,306,14717,9214.25,7568.76,'paid','2025-03-28'),(244,307,9882.28,0,0,'denied','2024-12-01'),(245,308,8224.26,6530.5,5982.44,'paid','2025-09-13'),(246,310,2795.5,1650.62,0,'pending','2025-06-07'),(247,311,11882.3,9692.84,9079.03,'paid','2025-08-01'),(248,313,3855.71,2991.98,2415.19,'paid','2024-08-05'),(249,314,4152.76,3279.86,0,'pending','2025-12-08'),(250,315,14350.4,9352.34,7942.39,'paid','2024-07-03'),(251,317,12032.1,9242.18,7727.58,'paid','2025-06-09'),(252,318,1606.27,1041.47,844.94,'paid','2025-02-27'),(253,319,10369.7,6796.99,6085.77,'paid','2025-06-26'),(254,321,14701.9,12266.8,10846.8,'paid','2025-04-23'),(255,322,11267.2,6737.76,5245.72,'paid','2024-10-11'),(256,323,594.37,338.89,278.71,'paid','2025-03-13'),(257,324,10210,8521.75,7147.94,'paid','2026-02-20'),(258,325,5551.73,3577.07,2861.38,'paid','2024-12-04'),(259,326,7523.23,0,0,'denied','2024-07-17'),(260,327,10582.8,0,0,'denied','2024-09-20'),(261,329,1905.36,1535.43,0,'pending','2025-05-22'),(262,330,1385.28,1045.3,923.59,'paid','2024-06-03'),(263,331,13378.1,10774.9,9791.54,'paid','2025-12-03'),(264,332,3074.63,1819.14,0,'pending','2025-06-21'),(265,333,5581,0,0,'denied','2026-02-21'),(266,335,6017.54,4603.9,0,'pending','2024-06-12'),(267,336,12363.3,7073.38,6213.74,'paid','2025-12-16'),(268,337,5216.88,0,0,'denied','2024-03-25'),(269,338,14496.5,9854.51,9029.47,'paid','2024-05-09'),(270,339,2492.36,2069.71,1695.52,'paid','2025-10-24'),(271,341,9553.23,6832.97,5978.88,'paid','2024-12-31'),(272,342,9641.74,0,0,'denied','2024-08-08'),(273,343,10830.4,0,0,'denied','2025-06-03'),(274,345,14232.1,11119.6,9787.76,'paid','2025-10-23'),(275,346,527.02,0,0,'denied','2024-09-01'),(276,348,12085,9130.16,7675.81,'paid','2026-03-03'),(277,349,6278.15,4327.73,3770.89,'paid','2025-07-09'),(278,350,11032.9,8917.18,0,'pending','2025-12-23'),(279,351,8457.64,5461.39,0,'pending','2025-07-30'),(280,352,2177.6,1230.74,0,'pending','2024-12-18'),(281,353,12989.7,7766.68,7275.44,'paid','2024-11-27'),(282,354,7511.61,5291.31,0,'pending','2025-05-20'),(283,355,14182.6,9950.98,7891.41,'paid','2026-02-16'),(284,356,7461.3,6078.73,0,'pending','2024-08-16'),(285,357,1679.39,991.14,887.57,'paid','2024-12-17'),(286,358,838.53,602.52,518.56,'paid','2024-04-13'),(287,359,11483.7,0,0,'denied','2024-06-24'),(288,360,14628.1,9774.08,8421.02,'paid','2026-01-30'),(289,361,9066.76,6078.5,4613.95,'paid','2025-02-03'),(290,362,7145.63,0,0,'denied','2025-04-22'),(291,363,9225.04,0,0,'denied','2025-03-31'),(292,364,12437.2,0,0,'denied','2024-08-28'),(293,366,10131.6,0,0,'denied','2024-09-04'),(294,369,8983.88,0,0,'denied','2024-12-15'),(295,370,8784.08,0,0,'denied','2025-10-03'),(296,372,8620.61,6553.01,4939.58,'paid','2025-08-12'),(297,373,10380.7,0,0,'denied','2024-09-15'),(298,375,10608.7,0,0,'denied','2025-05-03'),(299,376,5699.11,4770.19,0,'pending','2025-05-08'),(300,377,10162.3,8234.51,7180.62,'paid','2025-09-15'),(301,378,4530.1,3771.06,3409.92,'paid','2025-01-09'),(302,379,4806.83,3146.75,2541.18,'paid','2024-09-01'),(303,380,13444.2,8985.58,8454.73,'paid','2024-11-03'),(304,381,14333.1,8223,0,'pending','2025-06-05'),(305,382,3268.75,2609.72,2444.28,'paid','2024-03-19'),(306,383,9263.98,6726.1,5112.87,'paid','2025-09-29'),(307,384,858.43,578.57,0,'pending','2025-06-08'),(308,385,152.33,108.93,90.56,'paid','2024-04-08'),(309,386,11357,7225,6352.07,'paid','2025-04-04'),(310,387,8062.15,6183.15,5766.69,'paid','2025-05-23'),(311,389,13800.5,11718.8,0,'pending','2025-09-07'),(312,394,8551.83,4978.79,4017.45,'paid','2024-05-21'),(313,395,13347.2,0,0,'denied','2025-08-09'),(314,396,1756.25,1051.55,0,'pending','2025-08-19'),(315,397,285.21,185.71,160.37,'paid','2025-10-15'),(316,398,9607.98,6453.17,0,'pending','2025-07-13'),(317,399,10063.6,6092.87,5151.47,'paid','2025-02-09'),(318,400,3590.15,2786.41,2258.08,'paid','2025-06-14'),(319,512,18595.5,11545.8,9734.01,'paid','2026-03-14'),(320,513,24231.1,19780.8,17566.5,'paid','2026-03-14'),(321,514,17208.5,14407.1,0,'pending','2026-03-11'),(322,515,21057.4,0,0,'denied','2026-03-11'),(323,516,21640.9,13320.5,11802.9,'paid','2026-03-12'),(324,517,20255.1,14349.7,10986.5,'paid','2026-03-10'),(325,518,20476.5,0,0,'denied','2026-03-11'),(326,519,23544.9,16070.6,14357.2,'paid','2026-03-11'),(327,521,15556.4,9171.77,0,'pending','2026-03-12'),(328,522,19623.8,15543.5,12888.5,'paid','2026-03-11'),(329,523,15730.3,10651.1,9141.15,'paid','2026-03-16'),(330,525,17870.9,10793.9,9748.71,'paid','2026-03-15'),(331,526,23913.3,16370.1,0,'pending','2026-03-13'),(332,527,4323.59,3077.49,2381.14,'paid','2026-03-17'),(333,528,4455.72,2748.32,2476.88,'paid','2026-03-11'),(334,529,4088.89,2901.39,2319.67,'paid','2026-03-15'),(335,530,4874.82,3741.46,2830.2,'paid','2026-03-14'),(336,531,4872.48,3979.41,3148.57,'paid','2026-03-14'),(337,532,4195.57,3192.77,2550.85,'paid','2026-03-17'),(338,533,4079.52,3167,2464.01,'paid','2026-03-15'),(339,535,3637.81,2653.33,2115.71,'paid','2026-03-16'),(340,536,3827.12,0,0,'denied','2026-03-13'),(341,538,3854.4,2693.02,2526.91,'paid','2026-03-13'),(342,539,3637.47,2454.92,1988.43,'paid','2026-03-15'),(343,540,3481.94,2150.46,1959.4,'paid','2026-03-15'),(344,541,3833.02,2717.6,0,'pending','2026-03-14'),(345,542,3293.41,2722.56,2092.27,'paid','2026-03-17'),(346,543,3347.34,2446.49,1926.94,'paid','2026-03-13'),(347,544,2434.03,1491.25,1208.86,'paid','2026-03-17'),(348,547,3999.14,2774.11,2466.53,'paid','2026-03-17'),(349,548,2478.66,1602.42,1323.81,'paid','2026-03-13'),(350,549,2523.12,1775.89,0,'pending','2026-03-18'),(351,551,3523.26,2276.27,1875.97,'paid','2026-03-15'),(352,552,2442.55,1450.33,1248.24,'paid','2026-03-13'),(353,553,2590.38,1577.17,1302.69,'paid','2026-03-12'),(354,554,3886.93,2531.44,0,'pending','2026-03-14'),(355,555,2336.47,1842.29,1433.29,'paid','2026-03-17'),(356,556,3778.73,3200.95,2736.14,'paid','2026-03-19'),(357,218,7887.93,0,0,'denied','2025-05-01'),(358,75,503.11,0,0,'denied','2024-12-05'),(359,144,536.72,0,0,'denied','2024-05-20'),(360,176,7561.28,5171.19,0,'pending','2025-09-21'),(361,216,331.53,199.35,0,'pending','2026-02-12'),(362,242,593.47,0,0,'denied','2025-04-05'),(363,257,8561.18,5311.72,0,'pending','2025-07-18'),(364,388,3790.44,2731.94,0,'pending','2024-04-16'),(365,53,12035,9579.44,8207.47,'paid','2024-06-11'),(366,151,200.51,156.96,134.08,'paid','2025-11-15'),(367,248,10908,0,0,'denied','2025-01-07'),(368,309,12734.2,9911.01,9216.97,'paid','2024-04-03'),(369,334,438.53,309.04,264.39,'paid','2025-11-08'),(370,368,10095.1,7596.86,6158.85,'paid','2024-11-11'),(371,391,7784.65,0,0,'denied','2024-06-27'),(372,38,3964.55,3155.78,2788.27,'paid','2025-09-22'),(373,177,285.06,209.34,168.48,'paid','2025-02-15'),(374,21,4419.78,0,0,'denied','2025-02-17'),(375,195,4383.41,0,0,'denied','2024-10-28'),(376,320,26676.9,18454.3,14573.9,'paid','2024-05-28'),(377,392,5920.28,0,0,'denied','2024-05-01');

--
-- Table structure for table `departments`
--

DROP TABLE IF EXISTS `departments`;
CREATE TABLE `departments` (
  `DepartmentID` int NOT NULL AUTO_INCREMENT,
  `DepartmentName` varchar(50) NOT NULL,
  `DepartmentType` varchar(50) DEFAULT NULL,
  `BedCapacity` int DEFAULT NULL,
  `OperationalStatus` varchar(20) DEFAULT NULL,
  `Building` int DEFAULT NULL,
  `FloorNumber` int DEFAULT NULL,
  `PhoneExtension` varchar(10) DEFAULT NULL,
  PRIMARY KEY (`DepartmentID`)
) ENGINE=InnoDB AUTO_INCREMENT=26 DEFAULT CHARSET=utf8mb4 COLLATE=utf8mb4_0900_ai_ci;

--
-- Dumping data for table `departments`
--

INSERT INTO `departments` VALUES (1,'Emergency Department','clinical',18,'active',2,1,'201'),(2,'ICU/CCU','clinical',18,'active',2,2,'202'),(3,'NICU','clinical',20,'active',2,3,'203'),(4,'OB/GYN','clinical',5,'active',2,2,'204'),(5,'Surgery','clinical',10,'active',2,2,'205'),(6,'Pediatrics','clinical',17,'active',1,1,'106'),(7,'Internal Medicine','clinical',19,'active',1,1,'107'),(8,'Cardiology','clinical',16,'active',1,1,'108'),(9,'Ophthalmology','clinical',15,'active',1,2,'109'),(10,'ENT','clinical',16,'active',1,1,'110'),(11,'Orthopedics','clinical',18,'active',1,1,'111'),(12,'Inpatient Ward','clinical',50,'active',2,2,'212'),(13,'Radiology','clinical',15,'reduced capacity',2,1,'213'),(14,'Laboratory','clinical',17,'active',2,2,'214'),(15,'Pharmacy','support',NULL,'active',1,1,'115'),(16,'Kitchen','support',NULL,'active',2,1,'216'),(17,'Administration','support',NULL,'active',1,2,'117'),(18,'Security','support',NULL,'active',3,1,'301'),(19,'Maintenance','support',NULL,'temporarily closed',3,1,'302'),(20,'Infection Control','support',NULL,'active',1,2,'120'),(21,'Laundry/Sterilization','support',NULL,'active',2,1,'221'),(22,'Medical Records','support',NULL,'active',1,2,'122'),(23,'Dialysis','clinical',10,'active',2,2,'215'),(24,'Dentistry','clinical',3,'active',1,1,'112'),(25,'Cleaning and Disinfection','support',NULL,'active',3,1,'303');

--
-- Table structure for table `encounters`
--

DROP TABLE IF EXISTS `encounters`;
CREATE TABLE `encounters` (
  `EncounterID` int NOT NULL AUTO_INCREMENT,
  `PatientID` int DEFAULT NULL,
  `DepartmentID` int DEFAULT NULL,
  `StaffID` int DEFAULT NULL,
  `EncounterType` varchar(20) DEFAULT NULL,
  `EncounterDate` date DEFAULT NULL,
  `DischargeDate` date DEFAULT NULL,
  `ChiefComplaint` varchar(200) DEFAULT NULL,
  `DischargeStatus` varchar(50) DEFAULT NULL,
  `InsuranceType` varchar(50) DEFAULT NULL,
  `BillingCode` varchar(20) DEFAULT NULL,
  `EncounterCost` float DEFAULT NULL,
  `IsReadmission` varchar(3) DEFAULT 'No',
  `LengthOfStayDays` int DEFAULT NULL,
  PRIMARY KEY (`EncounterID`),
  KEY `PatientID` (`PatientID`),
  KEY `DepartmentID` (`DepartmentID`),
  KEY `StaffID` (`StaffID`),
  CONSTRAINT `encounters_ibfk_1` FOREIGN KEY (`PatientID`) REFERENCES `patients` (`PatientID`),
  CONSTRAINT `encounters_ibfk_2` FOREIGN KEY (`DepartmentID`) REFERENCES `departments` (`DepartmentID`),
  CONSTRAINT `encounters_ibfk_3` FOREIGN KEY (`StaffID`) REFERENCES `staff` (`StaffID`)
) ENGINE=InnoDB AUTO_INCREMENT=557 DEFAULT CHARSET=utf8mb4 COLLATE=utf8mb4_0900_ai_ci;

--
-- Dumping data for table `encounters`
--

INSERT INTO `encounters` VALUES (1,242,1,257,'emergency','2024-03-10','2024-03-10','Dehydration severe','transferred','Medicaid','99282',1104.66,'No',0),(2,217,1,20,'emergency','2025-11-27','2025-11-27','Hypoglycemic coma','discharged','Medicaid','99284',3959.67,'No',0),(3,85,1,162,'emergency','2025-01-15','2025-01-15','Laceration','discharged','Medicaid','99285',847.99,'No',0),(4,119,5,115,'inpatient','2026-02-19','2026-02-25','Appendicitis','discharged','Medicaid','99221',9023.65,'No',6),(5,76,8,221,'outpatient','2024-11-25','2024-11-25','Diabetic retinopathy screening',NULL,'Medicare','99213',83.2,'No',0),(6,8,2,68,'inpatient','2025-03-14','2025-03-24','Hypertension-related stroke','discharged','Medicare','99223',21242.8,'Yes',10),(7,39,5,155,'inpatient','2025-12-03','2025-12-06','Inguinal hernia','discharged','Commercial','99223',4062.11,'No',3),(8,30,7,234,'outpatient','2024-03-15','2024-03-15','Diabetes mellitus follow-up',NULL,'Medicaid','99215',167.07,'No',0),(9,41,6,85,'outpatient','2025-11-23','2025-11-23','Heart failure follow-up',NULL,'Uninsured','99215',438.78,'No',0),(10,59,7,10,'inpatient','2024-12-30','2025-01-05','Pneumonia','transferred','Commercial','99221',6673.52,'Yes',6),(11,87,1,281,'emergency','2024-07-08','2024-07-08','Diabetic ketoacidosis','discharged','Medicaid','99285',3310.96,'No',0),(12,231,8,260,'outpatient','2024-10-02','2024-10-02','Hypertension management',NULL,'Medicaid','99213',448.54,'No',0),(13,203,7,257,'outpatient','2024-05-23','2024-05-23','Diabetes mellitus follow-up',NULL,'Medicaid','99214',139.64,'No',0),(14,234,7,211,'outpatient','2025-09-02','2025-09-02','Diabetes mellitus follow-up',NULL,'Commercial','99214',127.87,'No',0),(15,66,7,50,'inpatient','2024-05-10','2024-05-14','Severe dehydration','discharged','Medicaid','99222',9502,'No',4),(16,190,11,134,'outpatient','2024-10-08','2024-10-08','Carpal tunnel syndrome',NULL,'Commercial','99215',395.18,'No',0),(17,72,1,247,'emergency','2026-01-10','2026-01-10','Acute asthma attack','discharged','Uninsured','99283',2846.73,'No',0),(18,217,6,138,'outpatient','2025-05-06','2025-05-06','Gastroenteritis',NULL,'Medicare','99213',499.3,'No',0),(19,105,5,229,'outpatient','2025-08-27','2025-08-27','Abscess evaluation',NULL,'Medicaid','99213',144.09,'No',0),(20,175,7,21,'inpatient','2024-06-28','2024-06-30','Acute pancreatitis','transferred','Self-Pay','99233',5716.91,'No',2),(21,219,1,134,'emergency','2025-02-10','2025-02-10','Hypoglycemic coma','discharged','Uninsured','99284',3067.8,'No',0),(22,63,2,45,'emergency','2025-06-25','2025-06-25','Laceration','transferred','Medicare','99283',2002.84,'Yes',0),(23,26,7,25,'inpatient','2025-03-29','2025-04-02','Severe dehydration','discharged','Commercial','99223',8926.45,'No',4),(24,54,1,262,'emergency','2024-07-02','2024-07-02','Industrial accident - crush injury','deceased','Medicaid','99285',20132.7,'No',0),(25,107,1,155,'emergency','2025-06-02','2025-06-02','Stroke symptoms','discharged','Medicare','99282',2915.93,'No',0),(26,195,1,35,'emergency','2025-02-04','2025-02-04','Acute asthma exacerbation','discharged','Medicaid','99284',2342.05,'No',0),(27,76,8,281,'outpatient','2025-01-13',NULL,'Hypertension management',NULL,'Commercial','99215',398.94,'No',NULL),(28,199,1,101,'emergency','2024-11-10','2024-11-10','Diabetic ketoacidosis','discharged','Medicare','99285',4694.99,'No',0),(29,246,1,265,'emergency','2024-11-24','2024-11-24','Poisoning/overdose','transferred','Self-Pay','99281',4979.39,'No',0),(30,169,1,82,'emergency','2025-12-25','2025-12-25','Laceration','discharged','Medicare','99285',1074.84,'No',0),(31,161,1,260,'emergency','2024-07-30','2024-07-30','Fall injury','discharged','Medicare','99284',1839.35,'No',0),(32,203,3,226,'inpatient','2025-12-18','2025-12-25','Neonatal sepsis','discharged','Commercial','99221',32836.2,'No',7),(33,209,7,100,'outpatient','2026-01-18','2026-01-18','Diabetes mellitus follow-up',NULL,'Self-Pay','99215',422.11,'No',0),(34,122,1,133,'observation','2025-01-19','2025-01-19','Asthma observation','discharged','Medicaid','99219',2423.45,'No',0),(35,27,7,243,'inpatient','2024-07-15','2024-07-21','Acute kidney injury','transferred','Uninsured','99233',5626.1,'No',6),(36,162,7,209,'inpatient','2024-08-14','2024-08-17','COPD exacerbation','discharged','Commercial','99223',10469,'No',3),(37,124,4,270,'outpatient','2025-08-07',NULL,'Diabetes mellitus follow-up',NULL,'Medicaid','99215',458.07,'No',NULL),(38,152,1,231,'observation','2025-09-17','2025-09-19','Asthma observation','discharged','Self-Pay','99220',2776.93,'No',2),(39,100,24,216,'outpatient','2024-09-18','2024-09-18','Dental abscess',NULL,'Commercial','99215',155.94,'No',0),(40,98,7,33,'inpatient','2025-12-14','2025-12-21','Heart failure exacerbation','discharged','Medicare','99231',6567.94,'No',7),(41,89,7,109,'outpatient','2025-05-29',NULL,'Diabetes mellitus follow-up',NULL,'Medicaid','99214',297.18,'No',NULL),(42,242,1,41,'observation','2024-05-07',NULL,'Concussion monitoring','still admitted','Self-Pay','99218',2273.75,'No',NULL),(43,235,7,115,'inpatient','2025-01-11','2025-01-17','Acute kidney injury','discharged','Medicare','99232',9758.97,'No',6),(44,124,1,60,'emergency','2024-12-24','2024-12-24','Acute back pain','transferred','Commercial','99283',2842.62,'No',0),(45,197,3,241,'inpatient','2025-04-06','2025-04-13','Birth asphyxia','discharged','Self-Pay','99232',18837.8,'No',7),(46,9,1,38,'emergency','2026-02-01',NULL,'Burns','still admitted','Medicare','99285',1396.31,'No',NULL),(47,89,1,235,'emergency','2025-02-03','2025-02-03','Acute asthma exacerbation','discharged','Medicare','99284',1869.94,'No',0),(48,138,1,242,'observation','2025-03-18','2025-03-18','Post-procedure monitoring','transferred','Medicare','99218',1903.7,'No',0),(49,161,11,114,'inpatient','2026-02-05','2026-02-12','Displaced shoulder fracture','discharged','Self-Pay','99231',14199.2,'No',7),(50,111,5,245,'outpatient','2024-12-08','2024-12-08','Hernia evaluation',NULL,'Medicare','99213',423.58,'No',0),(51,229,6,216,'inpatient','2025-04-08','2025-04-13','Neonatal jaundice','discharged','Medicaid','99231',5185.88,'No',5),(52,22,7,215,'outpatient','2025-05-03',NULL,'Diabetes mellitus follow-up',NULL,'Commercial','99215',114.96,'No',NULL),(53,187,7,15,'inpatient','2024-06-04','2024-06-07','Diabetic ketoacidosis','discharged','Medicare','99223',7348.08,'No',3),(54,77,3,173,'inpatient','2025-08-19',NULL,'Birth asphyxia','still admitted','Uninsured','99222',45983.8,'No',NULL),(55,213,6,154,'outpatient','2025-09-05','2025-09-05','Hypertension follow-up',NULL,'Medicaid','99213',141.91,'No',0),(56,65,1,265,'emergency','2025-12-02','2025-12-02','Acute asthma attack','discharged','Uninsured','99283',2376.88,'No',0),(57,112,4,240,'outpatient','2025-09-22','2025-09-22','Prenatal checkup',NULL,'Medicare','99214',213.25,'No',0),(58,164,1,97,'observation','2024-08-02','2024-08-03','Syncope observation','discharged','Medicare','99219',1567.79,'No',1),(59,139,5,198,'inpatient','2024-04-07','2024-04-12','Bowel obstruction','discharged','Commercial','99223',11629.2,'Yes',5),(60,195,5,163,'outpatient','2025-03-17','2025-03-17','Lipoma removal',NULL,'Medicare','99215',283.49,'No',0),(61,66,2,98,'inpatient','2024-05-28','2024-06-03','Status epilepticus','discharged','Self-Pay','99233',26764.7,'Yes',6),(62,147,2,278,'inpatient','2026-01-10',NULL,'Respiratory failure','still admitted','Commercial','99233',42481.5,'No',NULL),(63,68,1,3,'emergency','2025-08-28','2025-08-28','Electrocution - cardiac arrest','deceased','Commercial','99282',24210.8,'No',0),(64,8,8,90,'outpatient','2025-10-23','2025-10-23','Heart failure follow-up',NULL,'Self-Pay','99213',481.84,'No',0),(65,249,6,269,'inpatient','2025-04-21','2025-04-25','Severe pneumonia','transferred','Self-Pay','99221',8074.32,'No',4),(66,179,7,74,'outpatient','2025-05-14','2025-05-14','Hypertension follow-up',NULL,'Commercial','99214',466.86,'No',0),(67,214,1,27,'observation','2025-07-21','2025-07-21','Abdominal pain observation','discharged','Medicare','99219',2081.54,'No',0),(68,226,1,133,'emergency','2024-12-28',NULL,'Fracture acute','still admitted','Commercial','99281',4979.64,'No',NULL),(69,93,1,25,'emergency','2025-05-26','2025-05-26','Diabetic ketoacidosis','discharged','Medicaid','99285',3193.43,'No',0),(70,48,4,33,'outpatient','2025-03-19',NULL,'Pap smear',NULL,'Commercial','99214',317.42,'No',NULL),(71,187,1,275,'emergency','2025-02-08','2025-02-08','Animal bite','discharged','Medicare','99282',1350.56,'No',0),(72,220,1,89,'emergency','2026-01-17','2026-01-17','Diabetic ketoacidosis','discharged','Uninsured','99285',4618.86,'No',0),(73,82,11,50,'outpatient','2024-10-23','2024-10-23','Post-fracture follow-up',NULL,'Commercial','99213',317.37,'No',0),(74,74,7,87,'outpatient','2024-04-06','2024-04-06','Hypertension management',NULL,'Medicaid','99214',485.91,'No',0),(75,153,7,218,'outpatient','2024-12-01','2024-12-01','Hypertension follow-up',NULL,'Medicaid','99213',412.7,'No',0),(76,196,24,113,'outpatient','2026-02-09','2026-02-09','Tooth pain',NULL,'Medicare','99213',362.91,'No',0),(77,21,1,281,'emergency','2024-09-07','2024-09-07','Hypertensive crisis','discharged','Medicare','99284',2924.52,'No',0),(78,134,1,133,'emergency','2024-06-25','2024-06-25','Heart failure exacerbation','discharged','Medicaid','99285',6385.64,'No',0),(79,60,7,188,'outpatient','2024-06-10','2024-06-10','Diabetes mellitus follow-up',NULL,'Commercial','99215',468.5,'No',0),(80,47,6,19,'outpatient','2025-07-06','2025-07-06','Allergic rhinitis',NULL,'Medicaid','99213',156,'No',0),(81,65,10,234,'outpatient','2025-09-04','2025-09-04','Hearing loss evaluation',NULL,'Commercial','99215',438.99,'No',0),(82,216,1,262,'emergency','2024-11-03','2024-11-03','Fall from height - head injury','discharged','Medicaid','99285',24772.1,'No',0),(83,149,1,70,'emergency','2026-02-09','2026-02-09','Severe allergic reaction','discharged','Self-Pay','99284',1636.78,'No',0),(84,42,8,65,'outpatient','2024-07-06','2024-07-06','Echocardiogram review',NULL,'Commercial','99213',159.54,'No',0),(85,224,7,197,'outpatient','2024-04-03','2024-04-03','Hypertension follow-up',NULL,'Medicaid','99215',98.94,'No',0),(86,143,24,143,'outpatient','2026-01-13','2026-01-13','Tooth pain',NULL,'Medicare','99214',155.97,'No',0),(87,156,8,4,'outpatient','2024-04-10','2024-04-10','Hypertension management',NULL,'Uninsured','99215',456.56,'No',0),(88,209,1,15,'emergency','2024-10-22','2024-10-22','Hypertensive crisis','discharged','Uninsured','99284',3269.96,'No',0),(89,135,1,11,'emergency','2025-09-11','2025-09-11','Hypoglycemic coma','discharged','Uninsured','99284',3427.78,'No',0),(90,80,5,167,'emergency','2025-10-02','2025-10-07','Motor vehicle accident - severe trauma','deceased','Commercial','99284',24323.4,'Yes',5),(91,158,5,284,'outpatient','2024-08-25','2024-08-25','Abscess evaluation',NULL,'Uninsured','99213',323.53,'No',0),(92,104,1,21,'observation','2024-12-29','2024-12-29','Allergic reaction monitoring','transferred','Self-Pay','99220',1085.82,'No',0),(93,163,6,113,'inpatient','2024-08-05','2024-08-09','Febrile seizure','discharged','Medicare','99223',2715.94,'No',4),(94,137,4,260,'outpatient','2025-12-19',NULL,'Breast lump evaluation',NULL,'Medicare','99215',401.61,'No',NULL),(95,207,1,21,'observation','2025-09-21','2025-09-22','Drug reaction monitoring','discharged','Medicare','99220',979.85,'No',1),(96,188,4,277,'outpatient','2025-01-06','2025-01-06','Pregnancy follow-up',NULL,'Medicare','99213',196.31,'No',0),(97,112,3,186,'inpatient','2025-12-26',NULL,'Low birth weight monitoring','still admitted','Uninsured','99233',39625.7,'No',NULL),(98,103,7,142,'inpatient','2025-05-05','2025-05-07','COPD exacerbation','discharged','Commercial','99233',8271.42,'No',2),(99,242,1,123,'observation','2024-10-26','2024-10-26','Drug reaction monitoring','discharged','Commercial','99219',2290.83,'No',0),(100,184,7,242,'outpatient','2025-09-01','2025-09-01','Hypertension management',NULL,'Commercial','99215',253.65,'No',0),(101,92,11,122,'outpatient','2025-01-03','2025-01-03','Low back pain',NULL,'Uninsured','99215',479.64,'No',0),(102,73,4,15,'outpatient','2025-10-21','2025-10-21','Irregular menses',NULL,'Medicare','99213',347.64,'No',0),(103,201,6,272,'outpatient','2025-06-08','2025-06-08','Growth monitoring',NULL,'Commercial','99215',355.94,'No',0),(104,213,10,252,'outpatient','2024-12-18','2024-12-18','Tinnitus',NULL,'Self-Pay','99214',320.38,'No',0),(105,194,1,275,'emergency','2026-02-08','2026-02-08','Hypertensive crisis','discharged','Medicaid','99284',2489.62,'No',0),(106,120,7,2,'outpatient','2025-05-19','2025-05-19','Diabetes mellitus follow-up',NULL,'Uninsured','99215',123.84,'No',0),(107,248,6,88,'inpatient','2025-12-11',NULL,'Bronchiolitis','still admitted','Commercial','99233',6707.18,'No',NULL),(108,35,6,129,'inpatient','2025-08-01','2025-08-06','Neonatal jaundice','discharged','Self-Pay','99232',7713.56,'No',5),(109,188,1,237,'emergency','2024-10-30',NULL,'Seizure','still admitted','Medicaid','99285',1201.99,'No',NULL),(110,122,6,35,'emergency','2024-07-16','2024-07-16','Loss of consciousness','discharged','Medicare','99281',3007.4,'Yes',0),(111,10,1,234,'emergency','2024-05-03','2024-05-03','Acute asthma exacerbation','discharged','Medicaid','99284',2093.45,'No',0),(112,187,6,201,'outpatient','2025-12-28','2025-12-28','Bronchitis',NULL,'Self-Pay','99214',401.92,'No',0),(113,68,6,170,'outpatient','2024-10-09','2024-10-09','Ear infection',NULL,'Commercial','99215',162.56,'No',0),(114,143,1,129,'emergency','2024-10-28','2024-10-28','Heart failure exacerbation','discharged','Medicaid','99285',5872.2,'No',0),(115,100,1,251,'emergency','2025-09-24','2025-09-24','Hypertensive crisis','discharged','Medicare','99284',3068.28,'No',0),(116,164,5,212,'outpatient','2024-09-10','2024-09-10','Diabetic retinopathy screening',NULL,'Uninsured','99214',391.83,'No',0),(117,55,7,111,'outpatient','2024-12-22','2024-12-22','Diabetes mellitus follow-up',NULL,'Medicaid','99215',76.99,'No',0),(118,76,1,241,'emergency','2024-07-13','2024-07-13','Acute asthma exacerbation','discharged','Medicaid','99284',1897.32,'No',0),(119,17,6,233,'outpatient','2025-12-11','2025-12-11','Vaccination visit',NULL,'Commercial','99215',353.73,'No',0),(120,32,6,189,'inpatient','2024-06-07','2024-06-10','Febrile seizure','discharged','Uninsured','99232',7104.3,'No',3),(121,188,5,96,'outpatient','2024-03-15','2024-03-15','Ganglion cyst',NULL,'Commercial','99215',264.05,'No',0),(122,15,1,170,'emergency','2024-09-20','2024-09-20','Drowning - cardiac arrest','discharged','Commercial','99285',5229.93,'No',0),(123,131,1,8,'emergency','2025-06-01',NULL,'Severe abdominal pain','still admitted','Medicaid','99283',1954.94,'No',NULL),(124,8,8,256,'outpatient','2025-12-14','2025-12-14','Post-MI follow-up',NULL,'Commercial','99215',172.09,'No',0),(125,94,7,194,'outpatient','2025-04-14',NULL,'Hypertension follow-up',NULL,'Medicaid','99213',457.09,'No',NULL),(126,186,6,88,'inpatient','2024-07-17','2024-07-21','Febrile seizure','discharged','Uninsured','99231',6398.28,'No',4),(127,48,6,59,'inpatient','2025-05-26','2025-06-02','Croup requiring observation','discharged','Commercial','99221',7543.9,'No',7),(128,67,1,125,'emergency','2024-09-07','2024-09-07','Dehydration severe','discharged','Medicaid','99285',2240.43,'No',0),(129,128,6,277,'outpatient','2024-05-16',NULL,'Tonsillitis',NULL,'Commercial','99215',423.9,'No',NULL),(130,182,8,162,'outpatient','2025-08-15','2025-08-15','Heart failure follow-up',NULL,'Uninsured','99215',176.59,'No',0),(131,221,7,109,'outpatient','2025-10-30','2025-10-30','Hypertension follow-up',NULL,'Commercial','99213',446.39,'No',0),(132,53,11,193,'outpatient','2024-06-23','2024-06-23','Trigger finger',NULL,'Medicare','99215',317.5,'No',0),(133,121,7,217,'inpatient','2025-06-10',NULL,'Pneumonia','still admitted','Medicare','99221',10694.2,'No',NULL),(134,149,5,34,'outpatient','2025-07-03','2025-07-03','Wound follow-up',NULL,'Medicare','99213',410.43,'No',0),(135,203,1,73,'emergency','2025-05-08','2025-05-08','Hypoglycemic coma','discharged','Medicare','99284',3710.69,'No',0),(136,186,6,96,'emergency','2024-07-26','2024-07-26','Animal bite','discharged','Self-Pay','99285',3236.78,'Yes',0),(137,27,10,205,'outpatient','2024-04-25','2024-04-25','Nasal congestion chronic',NULL,'Uninsured','99215',321.49,'No',0),(138,204,1,111,'observation','2024-12-13','2024-12-13','Abdominal pain observation','transferred','Commercial','99220',1251.66,'No',0),(139,63,2,117,'emergency','2025-07-09','2025-07-09','Poisoning/overdose','discharged','Medicare','99285',3441.69,'Yes',0),(140,92,1,115,'emergency','2024-09-15','2024-09-15','Animal bite','discharged','Commercial','99285',3393.32,'No',0),(141,14,1,226,'emergency','2025-12-14','2025-12-14','Motor vehicle accident','discharged','Uninsured','99282',1438.18,'No',0),(142,178,6,112,'inpatient','2025-09-13','2025-09-18','Meningitis workup','discharged','Commercial','99232',3058.36,'No',5),(143,207,4,111,'outpatient','2024-08-25','2024-08-25','Vaginal bleeding',NULL,'Self-Pay','99213',284.63,'No',0),(144,218,8,113,'outpatient','2024-05-16','2024-05-16','Hypertension follow-up',NULL,'Medicaid','99215',357.05,'No',0),(145,68,6,198,'outpatient','2025-12-30','2025-12-30','Fever workup',NULL,'Commercial','99213',352.06,'No',0),(146,168,8,39,'outpatient','2025-03-27','2025-03-27','Atrial fibrillation follow-up',NULL,'Medicare','99215',297.79,'No',0),(147,71,4,126,'outpatient','2025-11-21','2025-11-21','Pregnancy follow-up',NULL,'Commercial','99214',499.71,'No',0),(148,108,9,31,'outpatient','2025-04-17','2025-04-17','Diabetic retinopathy screening',NULL,'Medicaid','99215',101.07,'No',0),(149,57,7,132,'outpatient','2024-10-16','2024-10-16','Diabetes mellitus follow-up',NULL,'Medicare','99213',123.68,'No',0),(150,186,8,208,'outpatient','2024-11-13','2024-11-13','Chest pain evaluation',NULL,'Medicare','99215',286.3,'No',0),(151,89,7,72,'outpatient','2025-11-11','2025-11-11','Hypertension follow-up',NULL,'Medicare','99214',145.73,'No',0),(152,53,1,198,'emergency','2025-06-13','2025-06-13','Chest pain','discharged','Medicare','99285',2305.12,'No',0),(153,228,6,94,'inpatient','2024-06-16',NULL,'Meningitis workup','still admitted','Uninsured','99223',7300.44,'No',NULL),(154,12,4,232,'outpatient','2025-08-02','2025-08-02','Postpartum follow-up',NULL,'Medicaid','99215',468.57,'No',0),(155,115,24,61,'outpatient','2024-06-17','2024-06-17','Hypertension follow-up',NULL,'Self-Pay','99214',372.23,'No',0),(156,71,3,89,'inpatient','2024-11-20','2024-11-25','Low birth weight monitoring','discharged','Medicare','99231',28179,'No',5),(157,5,1,205,'emergency','2025-12-18','2025-12-18','Severe bleeding','discharged','Commercial','99285',1401.73,'No',0),(158,149,4,183,'outpatient','2026-02-07','2026-02-07','Pregnancy follow-up',NULL,'Medicare','99215',357.01,'No',0),(159,81,6,135,'outpatient','2025-10-19',NULL,'Bronchitis',NULL,'Commercial','99213',162.68,'No',NULL),(160,230,1,19,'emergency','2025-01-08','2025-01-08','Hypertensive crisis','discharged','Medicaid','99284',3403.64,'No',0),(161,46,6,127,'inpatient','2025-05-18','2025-05-24','Meningitis workup','discharged','Medicaid','99223',8357.65,'No',6),(162,107,5,241,'inpatient','2024-03-21',NULL,'Inguinal hernia','still admitted','Medicaid','99233',13689.9,'No',NULL),(163,52,5,10,'outpatient','2025-07-26','2025-07-26','Hypertension follow-up',NULL,'Medicaid','99213',309.49,'No',0),(164,18,10,280,'outpatient','2025-07-28','2025-07-28','Epistaxis',NULL,'Medicare','99213',239.43,'No',0),(165,189,2,233,'inpatient','2025-06-13','2025-06-18','Multi-organ failure','transferred','Self-Pay','99233',30467.8,'No',5),(166,220,5,178,'outpatient','2025-08-11','2025-08-11','Hernia evaluation',NULL,'Commercial','99215',492.31,'No',0),(167,234,1,264,'emergency','2026-01-02','2026-01-02','Diabetic ketoacidosis','discharged','Medicare','99285',4611.64,'No',0),(168,15,1,197,'emergency','2025-08-28','2025-08-28','Severe allergic reaction','discharged','Commercial','99285',3457.13,'No',0),(169,198,4,10,'outpatient','2024-07-07','2024-07-07','Ovarian cyst follow-up',NULL,'Medicaid','99213',122.37,'No',0),(170,26,7,110,'outpatient','2024-12-01','2024-12-01','Hypertension follow-up',NULL,'Medicaid','99215',498.9,'No',0),(171,250,6,149,'inpatient','2025-09-16','2025-09-23','Severe dehydration','discharged','Commercial','99222',3565.18,'No',7),(172,234,2,212,'inpatient','2024-11-19','2024-11-24','Acute respiratory distress syndrome','discharged','Self-Pay','99233',40744.3,'No',5),(173,173,1,248,'observation','2024-09-03',NULL,'TIA observation','still admitted','Uninsured','99219',1638.06,'No',NULL),(174,241,1,135,'emergency','2024-10-03','2024-10-03','Hypertensive crisis','discharged','Self-Pay','99284',3850.78,'No',0),(175,93,1,184,'emergency','2025-01-27','2025-01-27','Acute asthma attack','discharged','Commercial','99283',2132.37,'No',0),(176,228,1,214,'emergency','2025-09-15','2025-09-15','Heart failure exacerbation','discharged','Medicaid','99285',4639.93,'No',0),(177,191,7,21,'outpatient','2025-02-10','2025-02-10','Diabetes mellitus follow-up',NULL,'Self-Pay','99213',167.12,'No',0),(178,193,1,258,'emergency','2025-06-10','2025-06-10','Burns','transferred','Medicare','99284',3157.11,'No',0),(179,166,11,266,'outpatient','2024-05-19','2024-05-19','Osteoarthritis knee',NULL,'Commercial','99215',231.49,'No',0),(180,139,7,220,'outpatient','2025-07-11','2025-07-11','Diabetes mellitus follow-up',NULL,'Medicare','99214',478.43,'No',0),(181,159,3,128,'emergency','2024-11-10','2024-11-10','Fall from height - head injury','deceased','Uninsured','99283',15939.8,'Yes',0),(182,112,1,171,'observation','2025-05-27',NULL,'Allergic reaction monitoring','still admitted','Medicaid','99219',1195.56,'No',NULL),(183,62,3,198,'inpatient','2025-07-07','2025-07-13','Meconium aspiration','transferred','Self-Pay','99222',31688.5,'No',6),(184,135,2,268,'inpatient','2024-03-20','2024-03-30','Septic shock','discharged','Commercial','99223',22962.2,'No',10),(185,193,1,269,'emergency','2025-07-14','2025-07-14','Seizure','discharged','Medicare','99285',3119.55,'No',0),(186,80,2,284,'inpatient','2025-09-18','2025-09-28','Hypertension-related stroke','discharged','Medicare','99223',24881.6,'Yes',10),(187,131,3,157,'inpatient','2025-12-24','2026-01-01','Low birth weight monitoring','discharged','Commercial','99223',47892.9,'No',8),(188,100,1,203,'emergency','2024-06-25','2024-06-25','Seizure','discharged','Commercial','99283',4566.68,'No',0),(189,139,4,207,'outpatient','2025-05-23',NULL,'Ovarian cyst follow-up',NULL,'Commercial','99214',103.13,'No',NULL),(190,26,11,259,'inpatient','2026-01-15',NULL,'Ankle fracture','still admitted','Medicare','99222',14637.5,'No',NULL),(191,93,4,267,'outpatient','2024-09-22','2024-09-22','Contraception counseling',NULL,'Self-Pay','99214',440.58,'No',0),(192,232,10,256,'outpatient','2025-11-02','2025-11-02','Vertigo',NULL,'Self-Pay','99214',291.6,'No',0),(193,165,6,34,'outpatient','2025-07-10','2025-07-10','Fever workup',NULL,'Medicare','99213',278.44,'No',0),(194,249,1,77,'observation','2024-03-30',NULL,'Post-procedure monitoring','still admitted','Medicare','99219',2250.41,'No',NULL),(195,159,1,113,'emergency','2024-10-22','2024-10-22','Hypertensive crisis','discharged','Uninsured','99284',2539.9,'No',0),(196,231,7,106,'outpatient','2025-01-05','2025-01-05','Diabetes mellitus follow-up',NULL,'Commercial','99213',309.41,'No',0),(197,87,5,280,'outpatient','2024-12-04','2024-12-04','Ingrown toenail',NULL,'Commercial','99214',356.89,'No',0),(198,181,11,232,'outpatient','2025-01-11','2025-01-11','Cast removal',NULL,'Commercial','99214',492.83,'No',0),(199,20,1,261,'emergency','2024-07-09','2024-07-09','Hypoglycemic coma','discharged','Self-Pay','99284',3304.34,'No',0),(200,127,1,222,'emergency','2024-03-13','2024-03-13','High fever','discharged','Commercial','99282',1938.62,'No',0),(201,60,5,114,'outpatient','2026-03-05','2026-03-05','Wound follow-up',NULL,'Commercial','99215',466.48,'No',0),(202,74,1,178,'emergency','2024-03-29','2024-03-29','Motor vehicle accident - severe trauma','discharged','Uninsured','99281',12493.8,'No',0),(203,148,1,157,'emergency','2026-02-02',NULL,'Chest pain','still admitted','Medicare','99285',731.53,'No',NULL),(204,224,1,233,'emergency','2024-06-29','2024-06-29','Difficulty breathing','transferred','Medicaid','99284',1799.17,'No',0),(205,117,1,147,'observation','2024-04-20',NULL,'Allergic reaction monitoring','still admitted','Medicaid','99219',1029.91,'No',NULL),(206,81,1,254,'emergency','2024-11-18','2024-11-18','Acute asthma attack','discharged','Self-Pay','99281',1781.31,'No',0),(207,151,1,255,'emergency','2024-11-14','2024-11-14','Seizure','discharged','Self-Pay','99282',4057.23,'No',0),(208,2,1,106,'emergency','2025-06-07','2025-06-07','Motor vehicle accident','discharged','Medicare','99283',1954.76,'No',0),(209,139,1,265,'emergency','2024-03-19','2024-03-19','Hypertensive crisis','discharged','Uninsured','99284',3340.35,'No',0),(210,195,3,117,'inpatient','2024-09-24','2024-09-29','Necrotizing enterocolitis','discharged','Medicaid','99222',41607.4,'No',5),(211,28,1,195,'emergency','2025-07-21','2025-07-21','Hypertensive crisis','discharged','Uninsured','99284',3367.1,'No',0),(212,217,6,149,'inpatient','2026-01-23','2026-01-27','Neonatal jaundice','transferred','Commercial','99232',6623.4,'No',4),(213,9,1,59,'emergency','2025-12-16','2025-12-16','Severe allergic reaction','discharged','Medicare','99282',646.14,'No',0),(214,131,5,183,'outpatient','2025-12-27','2025-12-27','Lipoma removal',NULL,'Medicare','99214',322.32,'No',0),(215,240,3,101,'inpatient','2025-08-04','2025-08-13','Congenital heart defect monitoring','discharged','Medicare','99232',50093.2,'No',9),(216,72,4,194,'outpatient','2026-02-08','2026-02-08','Diabetic retinopathy screening',NULL,'Medicaid','99215',213.4,'No',0),(217,234,2,125,'inpatient','2024-12-11','2024-12-17','Bronchiolitis','transferred','Medicare','99222',6653.11,'Yes',6),(218,197,3,24,'emergency','2025-04-25','2025-04-25','Acute asthma attack','discharged','Commercial','99281',4545.55,'Yes',0),(219,124,5,5,'outpatient','2024-10-16','2024-10-16','Hernia evaluation',NULL,'Commercial','99215',125.39,'No',0),(220,41,6,212,'outpatient','2025-05-26',NULL,'Growth monitoring',NULL,'Medicare','99213',198.07,'No',NULL),(221,50,1,22,'emergency','2024-06-10','2024-06-10','Dehydration severe','discharged','Commercial','99284',1369.66,'No',0),(222,62,4,86,'outpatient','2025-05-05','2025-05-05','Pregnancy follow-up',NULL,'Self-Pay','99214',95.88,'No',0),(223,206,1,221,'emergency','2024-05-22','2024-05-22','Hypertensive crisis','discharged','Uninsured','99284',2142.81,'No',0),(224,201,9,65,'outpatient','2025-01-29','2025-01-29','Foreign body removal eye',NULL,'Self-Pay','99215',387.72,'No',0),(225,66,1,261,'observation','2026-02-03','2026-02-03','Head injury observation','discharged','Commercial','99220',1157.2,'No',0),(226,220,1,83,'emergency','2024-03-19',NULL,'Severe allergic reaction','still admitted','Medicaid','99281',2729.33,'No',NULL),(227,179,1,140,'emergency','2024-06-30','2024-06-30','Severe bleeding','discharged','Medicaid','99282',4007.27,'No',0),(228,97,7,128,'outpatient','2026-02-27','2026-02-27','Hypertension follow-up',NULL,'Commercial','99214',114.38,'No',0),(229,250,7,235,'outpatient','2024-10-02','2024-10-02','Diabetes mellitus follow-up',NULL,'Commercial','99213',406.11,'No',0),(230,158,4,150,'outpatient','2025-11-18','2025-11-18','Contraception counseling',NULL,'Self-Pay','99214',146.39,'No',0),(231,16,2,241,'inpatient','2025-07-03','2025-07-10','Acute respiratory distress syndrome','discharged','Medicare','99223',31980,'No',7),(232,105,6,96,'outpatient','2024-07-14','2024-07-14','Fever workup',NULL,'Commercial','99215',423.52,'No',0),(233,85,7,260,'inpatient','2024-08-21',NULL,'COPD exacerbation','still admitted','Commercial','99223',9710.86,'No',NULL),(234,215,1,278,'emergency','2025-09-12','2025-09-12','High fever','discharged','Commercial','99284',4050.85,'No',0),(235,116,1,240,'emergency','2024-03-07','2024-03-07','Severe burns - house fire','discharged','Medicaid','99283',24851.9,'No',0),(236,22,2,253,'inpatient','2024-04-02','2024-04-05','Respiratory failure','transferred','Self-Pay','99231',23783.1,'No',3),(237,198,5,179,'emergency','2025-01-09','2025-01-09','High fever','discharged','Medicaid','99285',4418.01,'Yes',0),(238,122,6,239,'inpatient','2024-06-26','2024-06-30','Severe pneumonia','discharged','Medicaid','99221',3868.07,'No',4),(239,22,1,261,'observation','2024-12-06','2024-12-06','TIA observation','discharged','Medicare','99219',2427.2,'No',0),(240,25,6,82,'outpatient','2025-07-31',NULL,'Gastroenteritis',NULL,'Medicaid','99214',199.44,'No',NULL),(241,215,1,117,'emergency','2024-10-24','2024-10-30','Electrocution - cardiac arrest','deceased','Medicaid','99283',18934.5,'No',6),(242,66,5,110,'outpatient','2025-04-01','2025-04-01','Diabetes mellitus follow-up',NULL,'Medicaid','99213',366.59,'No',0),(243,157,8,18,'outpatient','2024-06-01','2024-06-01','Palpitations',NULL,'Commercial','99213',448.6,'No',0),(244,93,6,140,'outpatient','2024-10-12','2024-10-12','Gastroenteritis',NULL,'Self-Pay','99213',217.03,'No',0),(245,248,1,258,'emergency','2025-05-18','2025-05-18','Acute asthma exacerbation','discharged','Self-Pay','99284',2871.82,'No',0),(246,246,3,183,'inpatient','2025-07-22',NULL,'Low birth weight monitoring','still admitted','Commercial','99233',31836.7,'No',NULL),(247,58,5,271,'outpatient','2024-03-29','2024-03-29','Post-operative follow-up',NULL,'Self-Pay','99214',356.69,'No',0),(248,205,1,221,'emergency','2025-01-03','2025-01-03','Heart failure exacerbation','discharged','Medicare','99285',6721.92,'No',0),(249,30,1,232,'emergency','2024-11-21','2024-11-21','Diabetic ketoacidosis','discharged','Uninsured','99285',4178.53,'No',0),(250,45,10,270,'outpatient','2025-04-12','2025-04-12','Tonsillitis',NULL,'Medicaid','99213',312.11,'No',0),(251,194,7,250,'outpatient','2024-04-12','2024-04-12','Diabetes mellitus follow-up',NULL,'Medicaid','99215',414.57,'No',0),(252,166,11,43,'outpatient','2025-01-23','2025-01-23','Post-fracture follow-up',NULL,'Medicare','99215',207.79,'No',0),(253,74,7,177,'inpatient','2024-05-23','2024-05-26','Acute kidney injury','discharged','Medicaid','99221',5606.43,'No',3),(254,23,4,38,'outpatient','2024-08-17','2024-08-17','Asthma follow-up',NULL,'Uninsured','99213',407.32,'No',0),(255,78,1,133,'emergency','2025-09-03','2025-09-03','Heart failure exacerbation','discharged','Self-Pay','99285',4611.37,'No',0),(256,124,1,248,'emergency','2025-11-27','2025-11-27','Seizure','discharged','Medicare','99281',1547.87,'No',0),(257,185,7,50,'inpatient','2025-07-12','2025-07-15','Diabetic ketoacidosis','discharged','Medicaid','99231',6440.91,'No',3),(258,241,1,277,'observation','2024-07-07','2024-07-07','Post-procedure monitoring','discharged','Medicaid','99220',1253.33,'No',0),(259,66,6,1,'inpatient','2024-05-21','2024-05-25','Acute asthma exacerbation','discharged','Commercial','99222',3237.78,'Yes',4),(260,98,5,201,'outpatient','2024-12-29',NULL,'Ganglion cyst',NULL,'Self-Pay','99213',400.37,'No',NULL),(261,191,8,45,'outpatient','2025-09-24',NULL,'Hypertension management',NULL,'Medicaid','99215',292.39,'No',NULL),(262,59,5,106,'inpatient','2024-12-22','2024-12-25','Bowel obstruction','transferred','Medicare','99223',12953.5,'No',3),(263,109,11,101,'inpatient','2025-01-07','2025-01-09','Ankle fracture','transferred','Self-Pay','99222',16910.9,'No',2),(264,211,1,250,'emergency','2025-02-19',NULL,'Animal bite','still admitted','Commercial','99282',3655.62,'No',NULL),(265,134,7,172,'outpatient','2024-10-29','2024-10-29','Diabetes mellitus follow-up',NULL,'Self-Pay','99215',465.03,'No',0),(266,191,7,59,'inpatient','2025-03-30','2025-04-04','COPD exacerbation','discharged','Medicare','99232',8460.36,'No',5),(267,17,11,249,'outpatient','2024-04-24','2024-04-24','Asthma follow-up',NULL,'Medicaid','99213',163.42,'No',0),(268,108,4,184,'outpatient','2024-12-05',NULL,'Pregnancy follow-up',NULL,'Medicare','99215',176.41,'No',NULL),(269,67,4,135,'outpatient','2024-10-15','2024-10-15','Hypertension follow-up',NULL,'Medicaid','99215',118.7,'No',0),(270,87,5,236,'outpatient','2025-10-24','2025-10-24','Cyst evaluation',NULL,'Medicaid','99213',446.6,'No',0),(271,134,7,69,'inpatient','2025-11-26','2025-12-01','Sepsis','discharged','Medicaid','99233',4200.45,'No',5),(272,235,5,39,'outpatient','2024-11-05','2024-11-05','Skin lesion removal',NULL,'Medicare','99214',330.02,'No',0),(273,172,6,96,'outpatient','2025-01-18','2025-01-18','Gastroenteritis',NULL,'Commercial','99215',425.08,'No',0),(274,223,3,115,'inpatient','2025-08-11','2025-08-19','Meconium aspiration','discharged','Medicaid','99232',27511.1,'No',8),(275,146,1,253,'observation','2025-11-30',NULL,'Post-procedure monitoring','still admitted','Commercial','99219',2887.63,'No',NULL),(276,138,1,213,'emergency','2025-06-23',NULL,'Industrial accident - crush injury','still admitted','Medicare','99282',5447.93,'No',NULL),(277,170,7,100,'outpatient','2024-10-14','2024-10-14','Diabetes mellitus follow-up',NULL,'Medicare','99213',149.66,'No',0),(278,158,6,228,'outpatient','2024-06-30','2024-06-30','Vaccination visit',NULL,'Self-Pay','99215',300.64,'No',0),(279,166,7,86,'outpatient','2025-11-24','2025-11-24','Diabetes mellitus follow-up',NULL,'Medicare','99214',444.15,'No',0),(280,54,1,240,'emergency','2024-04-07','2024-04-07','Chest pain','discharged','Commercial','99284',2810.22,'No',0),(281,222,1,48,'emergency','2025-07-09','2025-07-09','Hypoglycemic coma','discharged','Self-Pay','99284',3405.59,'No',0),(282,40,11,179,'outpatient','2024-06-09',NULL,'Trigger finger',NULL,'Commercial','99213',474.97,'No',NULL),(283,36,7,91,'outpatient','2025-10-28','2025-10-28','Diabetes mellitus follow-up',NULL,'Medicare','99213',465.91,'No',0),(284,115,7,42,'inpatient','2026-02-11','2026-02-17','Pneumonia','transferred','Medicaid','99233',10361.2,'No',6),(285,223,11,167,'inpatient','2024-08-20','2024-08-26','Tibia fracture','discharged','Medicare','99222',11518.3,'No',6),(286,14,7,181,'outpatient','2025-11-22','2025-11-22','Hypertension follow-up',NULL,'Medicare','99215',178.51,'No',0),(287,89,1,94,'emergency','2025-08-12','2025-08-12','Diabetic ketoacidosis','discharged','Uninsured','99285',4914.43,'No',0),(288,157,9,276,'outpatient','2024-04-15',NULL,'Cataract evaluation',NULL,'Medicaid','99215',185.13,'No',NULL),(289,69,7,136,'inpatient','2024-11-23','2024-11-27','GI bleeding','discharged','Uninsured','99233',6157.1,'No',4),(290,219,6,193,'outpatient','2025-02-02','2025-02-02','Diabetes mellitus follow-up',NULL,'Medicaid','99215',350.69,'No',0),(291,224,1,58,'emergency','2024-08-10','2024-08-10','Fracture acute','discharged','Medicare','99284',3678.84,'No',0),(292,145,7,266,'outpatient','2024-05-17','2024-05-17','Diabetes mellitus follow-up',NULL,'Medicare','99215',216.66,'No',0),(293,98,9,217,'outpatient','2025-07-05','2025-07-05','Eye infection',NULL,'Commercial','99214',261.34,'No',0),(294,32,1,279,'emergency','2024-06-04','2024-06-04','Chest pain','transferred','Self-Pay','99285',1797.2,'No',0),(295,125,6,126,'outpatient','2024-04-01','2024-04-01','Growth monitoring',NULL,'Commercial','99214',355.63,'No',0),(296,65,24,153,'outpatient','2025-09-05','2025-09-05','Tooth extraction',NULL,'Commercial','99214',467.64,'No',0),(297,184,6,42,'outpatient','2024-07-12',NULL,'Fever workup',NULL,'Commercial','99213',394.55,'No',NULL),(298,150,3,197,'inpatient','2025-12-10',NULL,'Birth asphyxia','still admitted','Medicare','99221',19357.4,'No',NULL),(299,246,1,95,'emergency','2025-04-08','2025-04-08','Difficulty breathing','discharged','Medicaid','99283',4825.89,'No',0),(300,15,8,227,'outpatient','2025-09-21','2025-09-21','Hypertension management',NULL,'Commercial','99215',402.05,'No',0),(301,13,11,284,'inpatient','2024-03-16','2024-03-20','Tibia fracture','transferred','Medicaid','99233',8630.83,'No',4),(302,123,1,172,'emergency','2025-06-27','2025-06-27','Seizure','discharged','Medicare','99284',2238.79,'No',0),(303,11,6,189,'outpatient','2025-05-24','2025-05-24','Gastroenteritis',NULL,'Medicare','99213',476.26,'No',0),(304,22,6,17,'inpatient','2024-11-27','2024-12-04','Severe gastroenteritis','discharged','Commercial','99222',6356.18,'No',7),(305,53,7,248,'outpatient','2025-03-30','2025-03-30','Diabetes mellitus follow-up',NULL,'Medicare','99214',408.15,'No',0),(306,3,1,244,'emergency','2025-03-23','2025-03-23','Hypoglycemic coma','discharged','Self-Pay','99284',3792.56,'No',0),(307,83,4,193,'outpatient','2024-11-11','2024-11-11','Pelvic pain',NULL,'Uninsured','99213',394.41,'No',0),(308,60,10,233,'outpatient','2025-09-09','2025-09-09','Nasal congestion chronic',NULL,'Self-Pay','99215',158.25,'No',0),(309,102,7,243,'inpatient','2024-03-28','2024-03-30','Heart failure exacerbation','discharged','Medicare','99221',7653.5,'No',2),(310,32,6,136,'emergency','2024-06-13','2024-06-13','Stroke symptoms','transferred','Medicaid','99283',2968.98,'Yes',0),(311,87,7,72,'outpatient','2025-07-30',NULL,'Diabetes mellitus follow-up',NULL,'Medicare','99213',476.65,'No',NULL),(312,10,1,195,'emergency','2026-01-27','2026-01-27','Acute back pain','discharged','Commercial','99285',1483.72,'No',0),(313,89,2,242,'inpatient','2024-07-22','2024-07-29','Respiratory failure','discharged','Self-Pay','99232',32001.4,'No',7),(314,238,11,228,'outpatient','2025-12-03','2025-12-03','Sports injury evaluation',NULL,'Medicare','99214',158.98,'No',0),(315,155,1,44,'emergency','2024-06-23','2024-06-23','Diabetic ketoacidosis','discharged','Uninsured','99285',3185.49,'No',0),(316,156,1,231,'emergency','2025-02-03','2025-02-03','Difficulty breathing','discharged','Commercial','99285',4901.22,'No',0),(317,207,24,154,'outpatient','2025-06-05','2025-06-05','Wisdom tooth evaluation',NULL,'Medicaid','99214',156.98,'No',0),(318,160,7,38,'outpatient','2025-02-25','2025-02-25','Diabetes mellitus follow-up',NULL,'Commercial','99215',231.12,'No',0),(319,63,2,164,'inpatient','2025-06-15','2025-06-25','Hypertension-related stroke','discharged','Medicaid','99223',20196.2,'Yes',10),(320,42,2,108,'inpatient','2024-05-24','2024-06-03','Hypertension-related stroke','discharged','Uninsured','99223',18559.4,'Yes',10),(321,20,1,76,'emergency','2025-04-20','2025-04-20','Acute asthma attack','discharged','Self-Pay','99285',4480.54,'No',0),(322,158,6,201,'outpatient','2024-10-07','2024-10-07','Fever workup',NULL,'Medicare','99213',79.58,'No',0),(323,76,7,115,'inpatient','2025-03-08','2025-03-13','Sepsis','discharged','Commercial','99231',7777.48,'No',5),(324,31,5,194,'outpatient','2026-02-03','2026-02-03','Lipoma removal',NULL,'Medicare','99213',158.84,'No',0),(325,181,6,95,'outpatient','2024-12-03','2024-12-03','Allergic rhinitis',NULL,'Medicaid','99213',461.15,'No',0),(326,62,1,243,'emergency','2024-07-11','2024-07-11','Diabetic ketoacidosis','discharged','Medicare','99285',4396.28,'No',0),(327,89,8,223,'outpatient','2024-09-16','2024-09-16','Hypertension management',NULL,'Medicaid','99214',180.61,'No',0),(328,242,11,247,'outpatient','2024-09-15','2024-09-15','Trigger finger',NULL,'Commercial','99215',100.79,'No',0),(329,54,1,20,'observation','2025-05-19',NULL,'Post-procedure monitoring','still admitted','Commercial','99218',916.95,'No',NULL),(330,143,5,38,'outpatient','2024-05-15','2024-05-15','Ingrown toenail',NULL,'Self-Pay','99214',438.2,'No',0),(331,78,7,269,'outpatient','2025-11-28','2025-11-28','Diabetes mellitus follow-up',NULL,'Self-Pay','99213',456.09,'No',0),(332,28,7,257,'outpatient','2025-06-19','2025-06-19','Diabetes mellitus follow-up',NULL,'Medicaid','99215',170.73,'No',0),(333,50,6,157,'inpatient','2026-02-19','2026-02-24','Croup requiring observation','discharged','Medicare','99222',5286.38,'No',5),(334,97,5,255,'outpatient','2025-11-04',NULL,'Diabetes mellitus follow-up',NULL,'Medicare','99213',320.85,'No',NULL),(335,186,9,25,'outpatient','2024-06-07','2024-06-07','Glaucoma follow-up',NULL,'Uninsured','99215',239.31,'No',0),(336,147,4,46,'outpatient','2025-12-01','2025-12-01','Pelvic pain',NULL,'Medicare','99214',462.78,'No',0),(337,91,1,235,'emergency','2024-03-24','2024-03-24','Fall injury','transferred','Self-Pay','99282',1163.76,'No',0),(338,101,6,158,'inpatient','2024-05-07','2024-05-14','Acute asthma exacerbation','discharged','Commercial','99221',4965.88,'No',7),(339,186,11,206,'outpatient','2025-10-21','2025-10-21','Rheumatoid arthritis follow-up',NULL,'Medicaid','99215',285.72,'No',0),(340,219,24,160,'outpatient','2024-09-23',NULL,'Broken tooth',NULL,'Medicaid','99214',286.9,'No',NULL),(341,203,1,128,'emergency','2024-12-25','2024-12-25','Motor vehicle accident - severe trauma','discharged','Medicare','99281',11747.2,'No',0),(342,134,1,213,'observation','2024-08-01','2024-08-02','Syncope observation','transferred','Medicaid','99219',1904.12,'No',1),(343,161,1,101,'emergency','2025-05-30','2025-05-30','Acute asthma exacerbation','discharged','Medicare','99284',2188.28,'No',0),(344,1,8,187,'outpatient','2026-01-08','2026-01-08','Chest pain evaluation',NULL,'Medicare','99215',228.35,'No',0),(345,204,8,83,'outpatient','2025-10-18','2025-10-18','Atrial fibrillation follow-up',NULL,'Medicare','99215',358.52,'No',0),(346,117,1,195,'observation','2024-08-28','2024-08-29','Syncope observation','transferred','Medicare','99219',1662.92,'No',1),(347,138,6,205,'outpatient','2024-09-11','2024-09-11','Gastroenteritis',NULL,'Commercial','99213',172.74,'No',0),(348,246,7,245,'outpatient','2026-02-27',NULL,'Hypertension follow-up',NULL,'Medicaid','99214',323.01,'No',NULL),(349,74,9,244,'outpatient','2025-07-06',NULL,'Foreign body removal eye',NULL,'Medicare','99214',427.71,'No',NULL),(350,211,1,41,'observation','2025-12-16',NULL,'Asthma observation','still admitted','Medicare','99219',2902.17,'No',NULL),(351,147,4,189,'outpatient','2025-07-14','2025-07-14','Pelvic pain',NULL,'Self-Pay','99214',159.02,'No',0),(352,210,6,51,'inpatient','2024-12-11','2024-12-15','Neonatal jaundice','transferred','Medicaid','99222',3955,'No',4),(353,1,7,231,'outpatient','2024-11-20','2024-11-20','Hypertension management',NULL,'Commercial','99213',88.73,'No',0),(354,209,6,162,'inpatient','2025-05-13',NULL,'Severe pneumonia','still admitted','Commercial','99222',5340.97,'No',NULL),(355,55,1,266,'emergency','2026-02-10','2026-02-10','Difficulty breathing','discharged','Self-Pay','99284',1487.96,'No',0),(356,190,2,261,'inpatient','2024-07-31','2024-08-06','Stroke','discharged','Medicare','99231',27064.4,'No',6),(357,212,1,119,'emergency','2024-12-16','2024-12-16','Dehydration severe','transferred','Medicare','99283',2410.3,'No',0),(358,138,1,141,'emergency','2024-04-12','2024-04-12','Heart failure exacerbation','discharged','Uninsured','99285',6383.55,'No',0),(359,166,8,107,'outpatient','2024-06-23',NULL,'Heart failure follow-up',NULL,'Medicaid','99213',409.59,'No',NULL),(360,167,1,262,'emergency','2026-01-28','2026-01-28','Motor vehicle accident','discharged','Medicare','99281',1860.4,'No',0),(361,184,1,274,'emergency','2025-01-24','2025-01-24','Hypoglycemic coma','discharged','Medicaid','99284',3744.11,'No',0),(362,157,4,267,'outpatient','2025-04-07','2025-04-07','Vaginal bleeding',NULL,'Commercial','99213',393.93,'No',0),(363,102,1,168,'observation','2025-03-30','2025-03-31','Concussion monitoring','transferred','Medicare','99220',2046.46,'No',1),(364,69,10,145,'outpatient','2024-08-21','2024-08-21','Hearing loss evaluation',NULL,'Medicare','99215',399.8,'No',0),(365,32,6,284,'emergency','2024-06-30','2024-06-30','Fall injury','transferred','Commercial','99283',3603.68,'Yes',0),(366,228,1,232,'emergency','2024-08-21','2024-08-21','Diabetic ketoacidosis','discharged','Medicaid','99285',3680.5,'No',0),(367,11,3,140,'inpatient','2025-11-01','2025-11-10','Low birth weight monitoring','transferred','Commercial','99222',34324.1,'No',9),(368,85,7,106,'inpatient','2024-11-07','2024-11-09','Hypertensive crisis','discharged','Medicare','99222',6301.13,'No',2),(369,225,7,269,'outpatient','2024-12-13','2024-12-13','Diabetes mellitus follow-up',NULL,'Medicaid','99213',452.24,'No',0),(370,58,1,91,'emergency','2025-10-01','2025-10-01','Severe headache','transferred','Self-Pay','99285',2081.39,'No',0),(371,67,5,43,'outpatient','2024-07-10','2024-07-10','Skin lesion removal',NULL,'Commercial','99214',287.07,'No',0),(372,7,11,186,'inpatient','2025-08-08','2025-08-13','Displaced shoulder fracture','discharged','Medicare','99231',10319.1,'No',5),(373,216,9,204,'outpatient','2024-09-14','2024-09-14','Diabetic retinopathy screening',NULL,'Medicaid','99213',198.65,'No',0),(374,58,24,92,'outpatient','2025-11-07',NULL,'Broken tooth',NULL,'Self-Pay','99213',203.72,'No',NULL),(375,233,1,153,'emergency','2025-04-26','2025-04-26','Difficulty breathing','discharged','Medicare','99282',3738.01,'No',0),(376,187,1,79,'emergency','2025-05-07','2025-05-07','Hypoglycemic coma','discharged','Uninsured','99284',3328.06,'No',0),(377,69,4,73,'outpatient','2025-08-30','2025-08-30','Vaginal bleeding',NULL,'Medicaid','99213',278.85,'No',0),(378,198,2,21,'inpatient','2024-12-21','2024-12-31','Hypertension-related stroke','discharged','Medicaid','99223',25683.1,'Yes',10),(379,75,1,148,'emergency','2024-08-28','2024-08-28','Poisoning/overdose','transferred','Medicare','99281',4625.32,'No',0),(380,171,1,180,'emergency','2024-10-28','2024-10-28','Chest pain','discharged','Commercial','99283',4385.62,'No',0),(381,92,1,170,'emergency','2025-06-01','2025-06-01','Acute asthma exacerbation','discharged','Self-Pay','99284',1894.11,'No',0),(382,189,10,53,'outpatient','2024-03-18','2024-03-18','Vertigo',NULL,'Self-Pay','99215',315.45,'No',0),(383,60,7,206,'outpatient','2025-09-23','2025-09-23','Diabetes mellitus follow-up',NULL,'Medicaid','99215',368.62,'No',0),(384,120,6,207,'outpatient','2025-06-02','2025-06-02','Fever workup',NULL,'Self-Pay','99214',107.92,'No',0),(385,170,1,96,'emergency','2024-04-04','2024-04-04','Heart failure exacerbation','discharged','Medicare','99285',5539.07,'No',0),(386,39,11,237,'outpatient','2025-04-03','2025-04-03','Shoulder pain',NULL,'Medicare','99215',433.44,'No',0),(387,92,6,61,'outpatient','2025-05-17',NULL,'Asthma follow-up',NULL,'Commercial','99214',414.27,'No',NULL),(388,93,1,200,'emergency','2024-04-13','2024-04-13','Diabetic ketoacidosis','discharged','Medicaid','99285',3013,'No',0),(389,163,1,60,'emergency','2025-09-06','2025-09-06','Diabetic ketoacidosis','discharged','Medicaid','99285',3673.19,'No',0),(390,161,1,284,'emergency','2024-08-27','2024-08-27','Industrial accident - crush injury','transferred','Self-Pay','99284',19146.7,'No',0),(391,127,6,17,'inpatient','2024-06-21','2024-06-26','Acute asthma exacerbation','discharged','Medicare','99232',5119.85,'No',5),(392,100,1,248,'emergency','2024-04-24','2024-04-24','Hypoglycemic coma','discharged','Uninsured','99284',3594.6,'No',0),(393,133,6,181,'outpatient','2025-04-27','2025-04-27','Tonsillitis',NULL,'Commercial','99213',176.95,'No',0),(394,108,10,186,'outpatient','2024-05-15','2024-05-15','Hearing loss evaluation',NULL,'Commercial','99213',85.34,'No',0),(395,239,1,213,'emergency','2025-08-03','2025-08-03','Fall injury','discharged','Self-Pay','99285',1516.08,'No',0),(396,239,11,231,'outpatient','2025-08-16','2025-08-16','Osteoarthritis knee',NULL,'Uninsured','99214',350.29,'No',0),(397,187,5,152,'outpatient','2025-10-03',NULL,'Post-operative follow-up',NULL,'Medicaid','99214',299.28,'No',NULL),(398,72,5,152,'outpatient','2025-06-25',NULL,'Cyst evaluation',NULL,'Medicare','99215',274.67,'No',NULL),(399,154,9,173,'outpatient','2025-02-04','2025-02-04','Dry eye syndrome',NULL,'Medicare','99214',354.54,'No',0),(400,230,3,209,'inpatient','2025-06-10','2025-06-19','Premature birth','discharged','Commercial','99223',33661.1,'No',9),(512,256,3,7,'inpatient','2026-03-09',NULL,'Persistent fever - neonatal','still admitted','Medicaid','99223',18500,'No',NULL),(513,257,3,7,'inpatient','2026-03-09',NULL,'Persistent fever - neonatal','still admitted','Commercial','99223',17200,'No',NULL),(514,258,3,14,'inpatient','2026-03-09',NULL,'Persistent fever - neonatal','still admitted','Medicaid','99223',19100,'No',NULL),(515,259,3,14,'inpatient','2026-03-09',NULL,'Persistent fever - neonatal','still admitted','Medicare','99223',16800,'No',NULL),(516,260,3,7,'inpatient','2026-03-09',NULL,'Persistent fever - neonatal','still admitted','Medicaid','99223',18900,'No',NULL),(517,261,3,14,'inpatient','2026-03-09',NULL,'Persistent fever - neonatal','still admitted','Commercial','99223',17500,'No',NULL),(518,262,3,7,'inpatient','2026-03-09',NULL,'Persistent fever - neonatal','still admitted','Medicaid','99223',19300,'No',NULL),(519,263,3,14,'inpatient','2026-03-09',NULL,'Persistent fever - neonatal','still admitted','Self-Pay','99223',16500,'No',NULL),(520,264,3,7,'inpatient','2026-03-09',NULL,'Persistent fever - neonatal','still admitted','Medicaid','99223',20100,'No',NULL),(521,265,3,14,'inpatient','2026-03-09',NULL,'Persistent fever - neonatal','still admitted','Commercial','99223',17800,'No',NULL),(522,266,3,7,'inpatient','2026-03-09',NULL,'Persistent fever - neonatal','still admitted','Medicaid','99223',18200,'No',NULL),(523,267,3,14,'inpatient','2026-03-09',NULL,'Persistent fever - neonatal','still admitted','Medicare','99223',19500,'No',NULL),(524,268,3,7,'inpatient','2026-03-09',NULL,'Persistent fever - neonatal','still admitted','Medicaid','99223',17900,'No',NULL),(525,269,3,14,'inpatient','2026-03-09',NULL,'Persistent fever - neonatal','still admitted','Commercial','99223',18700,'No',NULL),(526,270,3,7,'inpatient','2026-03-09',NULL,'Persistent fever - neonatal','still admitted','Medicaid','99223',19800,'No',NULL),(527,271,7,3,'inpatient','2026-03-10',NULL,'Acute gastroenteritis','still admitted','Medicare','99222',4200,'No',NULL),(528,272,7,8,'inpatient','2026-03-10',NULL,'Acute gastroenteritis','still admitted','Medicaid','99222',3800,'No',NULL),(529,273,7,19,'inpatient','2026-03-11',NULL,'Acute gastroenteritis','still admitted','Commercial','99222',4500,'No',NULL),(530,274,7,3,'inpatient','2026-03-11',NULL,'Acute gastroenteritis','still admitted','Medicaid','99222',3900,'No',NULL),(531,275,7,10,'inpatient','2026-03-11',NULL,'Acute gastroenteritis','still admitted','Self-Pay','99222',4100,'No',NULL),(532,276,7,8,'inpatient','2026-03-10',NULL,'Acute gastroenteritis','still admitted','Medicare','99222',4300,'No',NULL),(533,277,7,19,'inpatient','2026-03-12',NULL,'Acute gastroenteritis','still admitted','Commercial','99222',3700,'No',NULL),(534,278,7,3,'inpatient','2026-03-12',NULL,'Acute gastroenteritis','still admitted','Medicaid','99222',4400,'No',NULL),(535,279,7,10,'inpatient','2026-03-10',NULL,'Acute gastroenteritis','still admitted','Medicare','99222',4000,'No',NULL),(536,280,7,8,'inpatient','2026-03-11',NULL,'Acute gastroenteritis','still admitted','Medicaid','99222',3600,'No',NULL),(537,281,7,19,'inpatient','2026-03-12',NULL,'Acute gastroenteritis','still admitted','Commercial','99222',4600,'No',NULL),(538,282,7,3,'inpatient','2026-03-10',NULL,'Acute gastroenteritis','still admitted','Self-Pay','99222',3500,'No',NULL),(539,283,7,10,'inpatient','2026-03-11',NULL,'Acute gastroenteritis','still admitted','Medicare','99222',4200,'No',NULL),(540,284,7,8,'inpatient','2026-03-12',NULL,'Acute gastroenteritis','still admitted','Medicaid','99222',3800,'No',NULL),(541,285,7,19,'inpatient','2026-03-12',NULL,'Acute gastroenteritis','still admitted','Commercial','99222',4100,'No',NULL),(542,286,1,1,'emergency','2026-03-10','2026-03-10','Lower respiratory tract infection','discharged','Medicare','99284',2800,'No',0),(543,287,1,12,'emergency','2026-03-10','2026-03-10','Lower respiratory tract infection','discharged','Medicaid','99284',2500,'No',0),(544,288,1,1,'emergency','2026-03-11','2026-03-11','Lower respiratory tract infection','discharged','Commercial','99284',3100,'No',0),(545,289,1,12,'emergency','2026-03-11','2026-03-11','Lower respiratory tract infection','discharged','Medicaid','99284',2700,'No',0),(546,290,1,1,'emergency','2026-03-11','2026-03-11','Lower respiratory tract infection','discharged','Self-Pay','99284',2900,'No',0),(547,291,1,12,'emergency','2026-03-10','2026-03-10','Lower respiratory tract infection','discharged','Medicare','99284',2600,'No',0),(548,292,1,1,'emergency','2026-03-12','2026-03-12','Lower respiratory tract infection','discharged','Commercial','99284',3200,'No',0),(549,293,1,12,'emergency','2026-03-12','2026-03-12','Lower respiratory tract infection','discharged','Medicaid','99284',2400,'No',0),(550,294,1,1,'emergency','2026-03-10','2026-03-10','Lower respiratory tract infection','discharged','Medicare','99284',2800,'No',0),(551,295,1,12,'emergency','2026-03-11','2026-03-11','Lower respiratory tract infection','discharged','Commercial','99284',3000,'No',0),(552,296,1,1,'emergency','2026-03-12','2026-03-12','Lower respiratory tract infection','discharged','Self-Pay','99284',2500,'No',0),(553,297,1,12,'emergency','2026-03-10','2026-03-10','Lower respiratory tract infection','discharged','Medicaid','99284',2700,'No',0),(554,298,1,1,'emergency','2026-03-11','2026-03-11','Lower respiratory tract infection','discharged','Medicare','99284',3100,'No',0),(555,299,1,12,'emergency','2026-03-12','2026-03-12','Lower respiratory tract infection','discharged','Commercial','99284',2600,'No',0),(556,300,1,1,'emergency','2026-03-12','2026-03-12','Lower respiratory tract infection','discharged','Medicaid','99284',2900,'No',0);

--
-- Table structure for table `patients`
--

DROP TABLE IF EXISTS `patients`;
CREATE TABLE `patients` (
  `PatientID` int NOT NULL AUTO_INCREMENT,
  `FirstName` varchar(50) DEFAULT NULL,
  `LastName` varchar(50) DEFAULT NULL,
  `DOB` date DEFAULT NULL,
  `Sex` varchar(10) DEFAULT NULL,
  `Address` varchar(200) DEFAULT NULL,
  `Zip` varchar(10) DEFAULT NULL,
  `CatchmentArea` varchar(20) DEFAULT NULL,
  PRIMARY KEY (`PatientID`)
) ENGINE=InnoDB AUTO_INCREMENT=301 DEFAULT CHARSET=utf8mb4 COLLATE=utf8mb4_0900_ai_ci;

--
-- Dumping data for table `patients`
--

INSERT INTO `patients` VALUES (1,'Rachel','Campbell','1954-12-19','Female','5571 Sunset Boulevard, Springfield, NY','12301','HSA-3'),(2,'Scott','Collins','1995-11-07','Male','7922 Sunset Boulevard, Springfield, NY','12301','HSA-3'),(3,'Jerry','Campbell','1976-08-30','Male','495 Prospect Avenue, Springfield, NY','12301','HSA-3'),(4,'Sandra','Davis','1955-03-07','Female','6485 Lake Drive, Springfield, NY','12301','HSA-3'),(5,'Susan','Thomas','1996-09-21','Female','5566 Court Street, Springfield, NY','12301','HSA-3'),(6,'Dorothy','Evans','1990-03-28','Female','8905 Bridge Street, Springfield, NY','12301','HSA-3'),(7,'Susan','Davis','2005-12-09','Female','2097 Oak Avenue, Springfield, NY','12301','HSA-3'),(8,'Thomas','Davis','2025-12-25','Male','5047 Pleasant Street, Springfield, NY','12301','HSA-3'),(9,'Emily','Evans','1977-06-01','Female','2113 Mill Road, Springfield, NY','12301','HSA-3'),(10,'Henry','Collins','1971-12-10','Male','8118 Pine Road, Springfield, NY','12301','HSA-3'),(11,'Brenda','Rivera','1958-07-22','Female','8553 Church Street, Springfield, NY','12301','HSA-3'),(12,'Rebecca','Johnson','2011-08-14','Female','6232 Pearl Street, Springfield, NY','12301','HSA-3'),(13,'Mark','Hall','1982-05-21','Male','609 Forest Drive, Springfield, NY','12301','HSA-3'),(14,'Jessica','Adams','1953-04-08','Female','1566 River Road, Springfield, NY','12301','HSA-3'),(15,'Brenda','Morris','1937-09-29','Female','8266 Willow Lane, Springfield, NY','12301','HSA-3'),(16,'Daniel','Edwards','1984-10-31','Male','4947 School Street, Springfield, NY','12301','HSA-3'),(17,'David','Jones','2010-05-19','Male','8728 Cedar Lane, Springfield, NY','12301','HSA-3'),(18,'Jeffrey','Thompson','1995-10-12','Male','4394 Pearl Street, Springfield, NY','12301','HSA-3'),(19,'Larry','Johnson','1989-10-20','Male','3806 Union Street, Springfield, NY','12301','HSA-3'),(20,'Angela','Martin','1960-03-02','Female','6660 Pearl Street, Springfield, NY','12301','HSA-3'),(21,'Debra','Moore','1953-11-09','Female','664 Park Avenue, Springfield, NY','12301','HSA-3'),(22,'Linda','White','2026-01-09','Female','8667 Washington Boulevard, Springfield, NY','12301','HSA-3'),(23,'Susan','Thomas','1964-08-19','Female','7203 Prospect Avenue, Springfield, NY','12301','HSA-3'),(24,'Carol','Thompson','1996-01-09','Female','1222 Oak Avenue, Springfield, NY','12301','HSA-3'),(25,'Carol','Johnson','1973-03-07','Female','4753 Court Street, Springfield, NY','12301','HSA-3'),(26,'Helen','Garcia','1941-07-23','Female','4575 Liberty Street, Springfield, NY','12301','HSA-3'),(27,'Samuel','Green','1954-10-28','Male','317 Walnut Street, Springfield, NY','12301','HSA-3'),(28,'Jessica','Rivera','2006-03-17','Female','5622 Monroe Street, Springfield, NY','12301','HSA-3'),(29,'Aaron','White','2022-07-06','Male','9341 Monroe Street, Springfield, NY','12301','HSA-3'),(30,'Alexander','Mitchell','2007-05-26','Male','9106 Highland Avenue, Springfield, NY','12301','HSA-3'),(31,'James','Williams','1956-01-04','Male','6413 Walnut Street, Springfield, NY','12301','HSA-3'),(32,'Katherine','Turner','1981-09-21','Female','6603 Madison Avenue, Springfield, NY','12301','HSA-3'),(33,'Elizabeth','Baker','2008-02-16','Female','696 Oak Avenue, Riverside, NY','12302','HSA-3'),(34,'Timothy','Smith','2009-08-26','Male','8336 Center Street, Riverside, NY','12302','HSA-3'),(35,'Jason','Evans','1998-12-10','Male','6060 Union Street, Riverside, NY','12302','HSA-3'),(36,'Carolyn','Mitchell','1964-05-19','Female','6568 Willow Lane, Riverside, NY','12302','HSA-3'),(37,'Jeffrey','Young','1958-03-23','Male','9460 Prospect Avenue, Riverside, NY','12302','HSA-3'),(38,'James','Miller','2014-06-29','Male','9818 Maple Drive, Riverside, NY','12302','HSA-3'),(39,'Henry','Taylor','1952-01-16','Male','7756 Center Street, Riverside, NY','12302','HSA-3'),(40,'Amanda','Wright','1952-03-17','Female','4475 Church Street, Riverside, NY','12302','HSA-3'),(41,'George','Lewis','2025-12-06','Male','2140 Madison Avenue, Riverside, NY','12302','HSA-3'),(42,'Daniel','Young','2000-06-24','Male','6859 Lake Drive, Riverside, NY','12302','HSA-3'),(43,'Rebecca','Mitchell','1982-10-03','Female','3071 Elm Street, Riverside, NY','12302','HSA-3'),(44,'Nathan','Rodriguez','1959-03-29','Male','8235 Prospect Avenue, Riverside, NY','12302','HSA-3'),(45,'Raymond','Rodriguez','1997-09-01','Male','9161 Highland Avenue, Riverside, NY','12302','HSA-3'),(46,'Jessica','Johnson','1955-11-15','Female','2545 Water Street, Riverside, NY','12302','HSA-3'),(47,'Margaret','Johnson','2003-08-29','Female','3869 Monroe Street, Riverside, NY','12302','HSA-3'),(48,'Alexander','Adams','1983-10-18','Male','8017 Valley Road, Riverside, NY','12302','HSA-3'),(49,'Diane','Carter','1951-12-16','Female','1810 Elm Street, Riverside, NY','12302','HSA-3'),(50,'Nancy','Johnson','2007-01-16','Female','7809 Bridge Street, Riverside, NY','12302','HSA-3'),(51,'Richard','Hill','1994-12-19','Male','9331 Sunset Boulevard, Riverside, NY','12302','HSA-3'),(52,'Ronald','Collins','1985-12-16','Male','5022 Pine Road, Riverside, NY','12302','HSA-3'),(53,'Mary','Rodriguez','2001-05-06','Female','8687 Church Street, Riverside, NY','12302','HSA-3'),(54,'Joseph','Mitchell','1945-06-25','Male','7852 Liberty Street, Riverside, NY','12302','HSA-3'),(55,'Andrew','Scott','2001-01-27','Male','4126 Pleasant Street, Riverside, NY','12302','HSA-3'),(56,'Michelle','King','1965-10-27','Female','1889 Union Street, Riverside, NY','12302','HSA-3'),(57,'Christopher','Miller','1995-01-20','Male','736 Court Street, Riverside, NY','12302','HSA-3'),(58,'John','Allen','1989-11-20','Male','5231 Union Street, Riverside, NY','12302','HSA-3'),(59,'Frank','Carter','1964-12-31','Male','7400 Mill Road, Riverside, NY','12302','HSA-3'),(60,'Kenneth','Young','1991-03-24','Male','7211 Water Street, Riverside, NY','12302','HSA-3'),(61,'Susan','Morris','2000-04-26','Female','8616 Elm Street, Riverside, NY','12302','HSA-3'),(62,'Daniel','Nelson','1954-02-19','Male','3024 Lake Drive, Riverside, NY','12302','HSA-3'),(63,'Catherine','Wilson','1962-10-05','Female','3520 Pine Road, Riverside, NY','12302','HSA-3'),(64,'Margaret','Roberts','1985-09-02','Female','2866 Franklin Avenue, Riverside, NY','12302','HSA-3'),(65,'Linda','Walker','1953-09-30','Female','6949 Elm Street, Fairview, NY','12303','HSA-2'),(66,'Deborah','Evans','1957-05-13','Female','2925 Washington Boulevard, Fairview, NY','12303','HSA-2'),(67,'Henry','Young','1983-05-29','Male','564 Madison Avenue, Fairview, NY','12303','HSA-2'),(68,'George','Harris','1942-10-24','Male','1201 Madison Avenue, Fairview, NY','12303','HSA-2'),(69,'Robert','Anderson','1985-03-22','Male','19 Elm Street, Fairview, NY','12303','HSA-2'),(70,'Jennifer','Wilson','1951-06-20','Female','894 Walnut Street, Fairview, NY','12303','HSA-2'),(71,'Nicole','Miller','1951-10-31','Female','4903 Highland Avenue, Fairview, NY','12303','HSA-2'),(72,'Rachel','Martin','1972-02-08','Female','8017 Cedar Lane, Fairview, NY','12303','HSA-2'),(73,'Samantha','Evans','2025-12-28','Female','9176 River Road, Fairview, NY','12303','HSA-2'),(74,'Gary','Stewart','1970-12-01','Male','6238 Water Street, Fairview, NY','12303','HSA-2'),(75,'Mark','Wright','2006-08-26','Male','7917 Cedar Lane, Fairview, NY','12303','HSA-2'),(76,'Kevin','Lee','2000-09-26','Male','5416 York Road, Fairview, NY','12303','HSA-2'),(77,'Sarah','Hall','2002-10-07','Female','9752 School Street, Fairview, NY','12303','HSA-2'),(78,'Catherine','Adams','1989-02-28','Female','7226 York Road, Fairview, NY','12303','HSA-2'),(79,'Ryan','Collins','1966-01-21','Male','6169 Court Street, Fairview, NY','12303','HSA-2'),(80,'Brandon','Moore','1945-11-04','Male','7756 Franklin Avenue, Fairview, NY','12303','HSA-2'),(81,'Cynthia','Carter','2003-07-04','Female','2861 Walnut Street, Fairview, NY','12303','HSA-2'),(82,'Brenda','Rivera','2003-01-30','Female','377 Washington Boulevard, Fairview, NY','12303','HSA-2'),(83,'Catherine','Roberts','2011-05-21','Female','6497 Church Street, Fairview, NY','12303','HSA-2'),(84,'Ryan','Turner','2005-01-15','Male','9224 Willow Lane, Fairview, NY','12303','HSA-2'),(85,'Kevin','Anderson','1958-04-08','Male','2688 Main Street, Fairview, NY','12303','HSA-2'),(86,'John','Rivera','2010-01-26','Male','5465 Church Street, Fairview, NY','12303','HSA-2'),(87,'Laura','Wilson','1940-06-12','Female','6356 Grant Street, Fairview, NY','12303','HSA-2'),(88,'Brenda','Campbell','1966-10-24','Female','2414 School Street, Fairview, NY','12303','HSA-2'),(89,'Rebecca','Smith','1942-08-13','Female','89 Grant Street, Fairview, NY','12303','HSA-2'),(90,'Amy','Green','1938-12-12','Female','4784 Academy Street, Fairview, NY','12303','HSA-2'),(91,'Dorothy','Jones','1995-03-07','Female','8138 Prospect Avenue, Fairview, NY','12303','HSA-2'),(92,'Anthony','Edwards','1997-04-17','Male','6785 Forest Drive, Fairview, NY','12303','HSA-2'),(93,'Nathan','Williams','1990-10-20','Male','8319 Prospect Avenue, Fairview, NY','12303','HSA-2'),(94,'Christopher','Wright','1970-12-16','Male','771 Bridge Street, Fairview, NY','12303','HSA-2'),(95,'William','Garcia','1959-11-15','Male','6833 York Road, Fairview, NY','12303','HSA-2'),(96,'Mary','Stewart','1960-03-04','Female','2999 Bridge Street, Fairview, NY','12303','HSA-2'),(97,'Jessica','Walker','1982-09-24','Female','5330 Liberty Street, Georgetown, NY','12304','HSA-2'),(98,'Gregory','Johnson','1953-02-14','Male','5253 Franklin Avenue, Georgetown, NY','12304','HSA-2'),(99,'Anna','Martin','1956-08-10','Female','8042 Cedar Lane, Georgetown, NY','12304','HSA-2'),(100,'Elizabeth','Thompson','1940-08-08','Female','4835 Water Street, Georgetown, NY','12304','HSA-2'),(101,'Jerry','Jackson','1936-06-18','Male','5323 Washington Boulevard, Georgetown, NY','12304','HSA-2'),(102,'Stephen','Brown','1948-01-26','Male','2032 Forest Drive, Georgetown, NY','12304','HSA-2'),(103,'Laura','Thompson','1976-07-11','Female','9014 York Road, Georgetown, NY','12304','HSA-2'),(104,'Angela','Thompson','1999-09-04','Female','6362 Washington Boulevard, Georgetown, NY','12304','HSA-2'),(105,'Amanda','Thompson','1951-08-06','Female','9604 Church Street, Georgetown, NY','12304','HSA-2'),(106,'Joshua','Rodriguez','1951-05-21','Male','3659 Park Avenue, Georgetown, NY','12304','HSA-2'),(107,'Benjamin','Murphy','2018-12-03','Male','6957 Park Avenue, Georgetown, NY','12304','HSA-2'),(108,'Rebecca','Baker','1951-12-17','Female','8179 Church Street, Georgetown, NY','12304','HSA-2'),(109,'Debra','Campbell','1997-08-12','Female','2462 York Road, Georgetown, NY','12304','HSA-2'),(110,'Brenda','Turner','1965-06-30','Female','5149 Pine Road, Georgetown, NY','12304','HSA-2'),(111,'Pamela','Brown','1954-09-01','Female','473 Court Street, Georgetown, NY','12304','HSA-2'),(112,'Matthew','Taylor','2000-12-05','Male','9309 Union Street, Georgetown, NY','12304','HSA-2'),(113,'Tyler','Edwards','1985-04-28','Male','2211 Cedar Lane, Georgetown, NY','12304','HSA-2'),(114,'William','Harris','1959-05-13','Male','6 Center Street, Georgetown, NY','12304','HSA-2'),(115,'Amanda','Roberts','1969-10-13','Female','4255 Church Street, Georgetown, NY','12304','HSA-2'),(116,'Matthew','Hall','1998-06-17','Male','4004 Washington Boulevard, Georgetown, NY','12304','HSA-2'),(117,'Ashley','Edwards','1959-09-20','Female','8511 Highland Avenue, Georgetown, NY','12304','HSA-2'),(118,'John','Jackson','1987-04-04','Male','9916 Sunset Boulevard, Georgetown, NY','12304','HSA-2'),(119,'Scott','Wilson','2010-05-26','Male','922 Academy Street, Georgetown, NY','12304','HSA-2'),(120,'Samantha','Lewis','2013-01-10','Female','3160 Academy Street, Georgetown, NY','12304','HSA-2'),(121,'Alexander','Murphy','1998-05-21','Male','7597 Center Street, Georgetown, NY','12304','HSA-2'),(122,'Nathan','King','1973-09-18','Male','1563 Center Street, Georgetown, NY','12304','HSA-2'),(123,'Andrew','Hall','1965-04-20','Male','3190 Madison Avenue, Georgetown, NY','12304','HSA-2'),(124,'Laura','Edwards','2003-03-04','Female','6663 Elm Street, Georgetown, NY','12304','HSA-2'),(125,'Alexander','Morris','1993-09-13','Male','8873 Main Street, Georgetown, NY','12304','HSA-2'),(126,'Patricia','Williams','1975-12-07','Female','7634 Oak Avenue, Georgetown, NY','12304','HSA-2'),(127,'Thomas','Phillips','1972-04-08','Male','7735 Willow Lane, Georgetown, NY','12304','HSA-2'),(128,'Daniel','Johnson','2021-11-25','Male','3414 Valley Road, Georgetown, NY','12304','HSA-2'),(129,'Michael','Martin','1979-03-04','Male','4930 Spring Street, Madison, NY','12305','HSA-1'),(130,'Angela','Davis','1998-01-05','Female','7186 Elm Street, Madison, NY','12305','HSA-1'),(131,'Brandon','Clark','1998-08-21','Male','2365 Cedar Lane, Madison, NY','12305','HSA-1'),(132,'Samantha','Turner','1975-12-08','Female','1304 Water Street, Madison, NY','12305','HSA-1'),(133,'Gregory','Thomas','1994-10-23','Male','363 Pine Road, Madison, NY','12305','HSA-1'),(134,'Matthew','Martin','1951-12-14','Male','7643 Willow Lane, Madison, NY','12305','HSA-1'),(135,'Cynthia','Roberts','1967-06-26','Female','6092 Maple Drive, Madison, NY','12305','HSA-1'),(136,'Robert','Jones','2004-12-28','Male','1358 Lake Drive, Madison, NY','12305','HSA-1'),(137,'Jason','Clark','1983-08-02','Male','4433 Center Street, Madison, NY','12305','HSA-1'),(138,'Sharon','Carter','2023-07-20','Female','6574 Academy Street, Madison, NY','12305','HSA-1'),(139,'Carolyn','Wright','2023-11-21','Female','151 Bridge Street, Madison, NY','12305','HSA-1'),(140,'David','Young','2001-02-10','Male','9586 Spring Street, Madison, NY','12305','HSA-1'),(141,'Deborah','Robinson','1952-12-19','Female','9280 Pine Road, Madison, NY','12305','HSA-1'),(142,'Anna','Young','1952-09-23','Female','4535 Franklin Avenue, Madison, NY','12305','HSA-1'),(143,'Jacob','Turner','2012-02-29','Male','1735 Liberty Street, Madison, NY','12305','HSA-1'),(144,'Jacob','Robinson','2001-11-04','Male','9758 Prospect Avenue, Madison, NY','12305','HSA-1'),(145,'Jason','Williams','2019-11-03','Male','9513 Academy Street, Madison, NY','12305','HSA-1'),(146,'Stephen','Walker','1968-04-16','Male','9143 Pearl Street, Madison, NY','12305','HSA-1'),(147,'James','Thompson','1972-01-26','Male','4756 Park Avenue, Madison, NY','12305','HSA-1'),(148,'Deborah','Robinson','1954-01-18','Female','4325 Center Street, Madison, NY','12305','HSA-1'),(149,'James','Nelson','1959-09-11','Male','1978 York Road, Madison, NY','12305','HSA-1'),(150,'Joseph','Johnson','2010-05-06','Male','5876 Highland Avenue, Madison, NY','12305','HSA-1'),(151,'Deborah','Hall','1954-02-25','Female','4150 River Road, Madison, NY','12305','HSA-1'),(152,'Thomas','Lewis','1959-10-17','Male','8935 Court Street, Madison, NY','12305','HSA-1'),(153,'Samantha','Stewart','1955-09-08','Female','9855 Grant Street, Madison, NY','12305','HSA-1'),(154,'Jessica','Carter','1955-05-28','Female','16 River Road, Madison, NY','12305','HSA-1'),(155,'Raymond','Lee','1981-03-28','Male','4404 Madison Avenue, Madison, NY','12305','HSA-1'),(156,'Jennifer','Wilson','1959-06-03','Female','7608 Church Street, Madison, NY','12305','HSA-1'),(157,'Benjamin','Edwards','1987-12-14','Male','9725 School Street, Madison, NY','12305','HSA-1'),(158,'Jack','Garcia','1943-05-09','Male','7493 Union Street, Madison, NY','12305','HSA-1'),(159,'Susan','Campbell','2012-03-21','Female','4424 River Road, Madison, NY','12305','HSA-1'),(160,'Patricia','Roberts','1983-11-19','Female','8883 Main Street, Madison, NY','12305','HSA-1'),(161,'Catherine','Hill','2005-10-17','Female','9783 Court Street, Clinton, NY','12306','HSA-3'),(162,'Linda','Lee','1954-06-27','Female','2547 Court Street, Clinton, NY','12306','HSA-3'),(163,'Mark','Stewart','1955-02-19','Male','6761 Highland Avenue, Clinton, NY','12306','HSA-3'),(164,'Matthew','Murphy','1956-08-01','Male','3685 Pleasant Street, Clinton, NY','12306','HSA-3'),(165,'Mark','Harris','2018-04-28','Male','2943 Washington Boulevard, Clinton, NY','12306','HSA-3'),(166,'Katherine','Green','1999-03-27','Female','5468 Grant Street, Clinton, NY','12306','HSA-3'),(167,'Carol','Allen','1990-12-29','Female','4863 Water Street, Clinton, NY','12306','HSA-3'),(168,'Emily','Taylor','1958-02-04','Female','6273 Prospect Avenue, Clinton, NY','12306','HSA-3'),(169,'Frank','Lewis','2000-05-15','Male','8588 Elm Street, Clinton, NY','12306','HSA-3'),(170,'Kimberly','Wilson','1937-07-18','Female','8431 Valley Road, Clinton, NY','12306','HSA-3'),(171,'James','Harris','1951-06-03','Male','2152 River Road, Clinton, NY','12306','HSA-3'),(172,'Emily','Miller','1986-09-01','Female','3330 Oak Avenue, Clinton, NY','12306','HSA-3'),(173,'Betty','Allen','2011-05-01','Female','6508 Maple Drive, Clinton, NY','12306','HSA-3'),(174,'Kimberly','Smith','1962-12-12','Female','8889 Spring Street, Clinton, NY','12306','HSA-3'),(175,'Dorothy','Edwards','1969-05-12','Female','2569 Pine Road, Clinton, NY','12306','HSA-3'),(176,'Nathan','Garcia','1997-06-08','Male','6899 Franklin Avenue, Clinton, NY','12306','HSA-3'),(177,'Anna','Phillips','1998-12-10','Female','2930 Water Street, Clinton, NY','12306','HSA-3'),(178,'Sharon','Mitchell','2002-08-11','Female','6422 Lake Drive, Clinton, NY','12306','HSA-3'),(179,'Scott','Roberts','1958-12-30','Male','1977 Monroe Street, Clinton, NY','12306','HSA-3'),(180,'Rachel','Lee','2013-03-05','Female','5878 Pine Road, Clinton, NY','12306','HSA-3'),(181,'Barbara','Harris','1979-12-06','Female','9528 Washington Boulevard, Clinton, NY','12306','HSA-3'),(182,'Gregory','Wilson','2015-12-15','Male','1520 Park Avenue, Clinton, NY','12306','HSA-3'),(183,'Jacob','Anderson','2000-06-18','Male','6537 Grant Street, Clinton, NY','12306','HSA-3'),(184,'Robert','Martin','1957-12-08','Male','1351 Pine Road, Clinton, NY','12306','HSA-3'),(185,'Sharon','Brown','1998-12-12','Female','4760 Union Street, Clinton, NY','12306','HSA-3'),(186,'Dennis','Anderson','1962-05-27','Male','8683 Academy Street, Clinton, NY','12306','HSA-3'),(187,'Nancy','Martin','1957-04-16','Female','5104 Court Street, Clinton, NY','12306','HSA-3'),(188,'Daniel','Robinson','1964-05-01','Male','6598 Church Street, Clinton, NY','12306','HSA-3'),(189,'Patrick','Phillips','1999-12-15','Male','7333 Maple Drive, Clinton, NY','12306','HSA-3'),(190,'Richard','Williams','1972-11-08','Male','3269 Spring Street, Clinton, NY','12306','HSA-3'),(191,'Gary','Mitchell','2014-08-23','Male','5734 Grant Street, Clinton, NY','12306','HSA-3'),(192,'Richard','Thompson','2004-08-26','Male','5164 York Road, Clinton, NY','12306','HSA-3'),(193,'Jack','Allen','1954-03-31','Male','3536 Maple Drive, Franklin, NY','12307','HSA-1'),(194,'Tyler','Adams','1974-03-26','Male','4293 Elm Street, Franklin, NY','12307','HSA-1'),(195,'Jack','Thompson','1970-10-02','Male','3078 Union Street, Franklin, NY','12307','HSA-1'),(196,'Kimberly','Wright','1990-10-15','Female','2678 Water Street, Franklin, NY','12307','HSA-1'),(197,'Dennis','Robinson','1989-05-10','Male','5027 Park Avenue, Franklin, NY','12307','HSA-1'),(198,'Kevin','Thompson','1984-09-23','Male','4828 Grant Street, Franklin, NY','12307','HSA-1'),(199,'Shirley','Robinson','1989-03-02','Female','6359 Park Avenue, Franklin, NY','12307','HSA-1'),(200,'Nancy','Harris','1986-09-19','Female','1794 Grant Street, Franklin, NY','12307','HSA-1'),(201,'Robert','Parker','2006-07-03','Male','5720 Park Avenue, Franklin, NY','12307','HSA-1'),(202,'Susan','Brown','2006-07-20','Female','325 Franklin Avenue, Franklin, NY','12307','HSA-1'),(203,'Scott','Walker','1966-05-12','Male','8428 Walnut Street, Franklin, NY','12307','HSA-1'),(204,'Donna','Wright','1966-11-25','Female','9134 Washington Boulevard, Franklin, NY','12307','HSA-1'),(205,'Stephen','Scott','1984-03-01','Male','7276 Washington Boulevard, Franklin, NY','12307','HSA-1'),(206,'Richard','Johnson','1974-05-18','Male','6425 Center Street, Franklin, NY','12307','HSA-1'),(207,'Richard','Edwards','2011-01-04','Male','2664 Sunset Boulevard, Franklin, NY','12307','HSA-1'),(208,'Stephen','Mitchell','1953-07-04','Male','2585 Monroe Street, Franklin, NY','12307','HSA-1'),(209,'Ryan','Lee','1993-06-15','Male','1630 Spring Street, Franklin, NY','12307','HSA-1'),(210,'Nancy','Clark','2000-06-01','Female','3361 Highland Avenue, Franklin, NY','12307','HSA-1'),(211,'Richard','Evans','1974-03-05','Male','8033 Oak Avenue, Franklin, NY','12307','HSA-1'),(212,'Melissa','Thompson','1980-06-14','Female','2396 School Street, Franklin, NY','12307','HSA-1'),(213,'Ruth','Williams','1954-10-10','Female','973 Spring Street, Franklin, NY','12307','HSA-1'),(214,'Patrick','Wright','1970-01-18','Male','2746 Cedar Lane, Franklin, NY','12307','HSA-1'),(215,'Sandra','White','1964-04-10','Female','1822 Court Street, Franklin, NY','12307','HSA-1'),(216,'Frank','Evans','1963-03-14','Male','813 Madison Avenue, Franklin, NY','12307','HSA-1'),(217,'Andrew','Lee','1982-12-23','Male','7752 Prospect Avenue, Franklin, NY','12307','HSA-1'),(218,'Rebecca','Evans','1999-08-26','Female','1160 Pine Road, Franklin, NY','12307','HSA-1'),(219,'Patrick','Nelson','2026-01-08','Male','9595 River Road, Franklin, NY','12307','HSA-1'),(220,'Michael','Phillips','1978-09-08','Male','9541 York Road, Franklin, NY','12307','HSA-1'),(221,'Melissa','Stewart','1957-08-25','Female','6422 York Road, Franklin, NY','12307','HSA-1'),(222,'Jennifer','Taylor','1962-12-22','Female','4947 Bridge Street, Franklin, NY','12307','HSA-1'),(223,'Paul','Allen','2009-06-25','Male','9744 Mill Road, Franklin, NY','12307','HSA-1'),(224,'Matthew','Mitchell','1961-12-06','Male','8012 School Street, Franklin, NY','12307','HSA-1'),(225,'Patricia','Lewis','1975-02-28','Female','3128 Elm Street, Greenville, NY','12308','HSA-2'),(226,'Jack','Harris','1964-07-18','Male','662 Pearl Street, Greenville, NY','12308','HSA-2'),(227,'Emily','Moore','2012-02-12','Female','9716 Forest Drive, Greenville, NY','12308','HSA-2'),(228,'Carolyn','Wilson','2001-02-13','Female','4000 Maple Drive, Greenville, NY','12308','HSA-2'),(229,'Ashley','Martin','1973-09-17','Female','9260 Forest Drive, Greenville, NY','12308','HSA-2'),(230,'Anthony','Smith','1995-07-07','Male','5971 Mill Road, Greenville, NY','12308','HSA-2'),(231,'Diane','Edwards','1981-06-08','Female','1660 Grant Street, Greenville, NY','12308','HSA-2'),(232,'Alexander','Thomas','1965-11-21','Male','8269 Liberty Street, Greenville, NY','12308','HSA-2'),(233,'Joseph','Morris','1965-11-23','Male','3894 Willow Lane, Greenville, NY','12308','HSA-2'),(234,'Pamela','King','1993-05-10','Female','2607 Highland Avenue, Greenville, NY','12308','HSA-2'),(235,'Karen','Nelson','1976-01-26','Female','8001 Center Street, Greenville, NY','12308','HSA-2'),(236,'Nathan','Lewis','1959-06-11','Male','4121 Maple Drive, Greenville, NY','12308','HSA-2'),(237,'Maria','Phillips','2001-09-28','Female','4595 Pearl Street, Greenville, NY','12308','HSA-2'),(238,'Edward','Wilson','1993-10-02','Male','3846 Spring Street, Greenville, NY','12308','HSA-2'),(239,'Tyler','Evans','2007-06-16','Male','126 Center Street, Greenville, NY','12308','HSA-2'),(240,'Carolyn','Campbell','1968-12-05','Female','5693 Highland Avenue, Greenville, NY','12308','HSA-2'),(241,'Virginia','Martin','1941-03-20','Female','8603 Madison Avenue, Greenville, NY','12308','HSA-2'),(242,'John','Anderson','1988-07-12','Male','1307 Lake Drive, Greenville, NY','12308','HSA-2'),(243,'Anthony','Parker','1953-01-30','Male','3981 Bridge Street, Greenville, NY','12308','HSA-2'),(244,'Virginia','Evans','1945-12-09','Female','9236 York Road, Greenville, NY','12308','HSA-2'),(245,'Nancy','Campbell','1963-09-17','Female','5643 Court Street, Greenville, NY','12308','HSA-2'),(246,'Amanda','Hill','2003-02-18','Female','8880 Union Street, Greenville, NY','12308','HSA-2'),(247,'Sarah','Johnson','2003-10-18','Female','1992 Spring Street, Greenville, NY','12308','HSA-2'),(248,'Sharon','Campbell','1958-10-21','Female','9467 Willow Lane, Greenville, NY','12308','HSA-2'),(249,'Emily','Baker','2000-04-12','Female','6495 Madison Avenue, Greenville, NY','12308','HSA-2'),(250,'Dorothy','Wright','2000-02-14','Female','4847 Bridge Street, Greenville, NY','12308','HSA-2'),(256,'Emma','Walker','2026-03-01','Female','1234 Main Street, Springfield, NY','12301','HSA-3'),(257,'Liam','Harris','2026-03-03','Male','567 Oak Avenue, Riverside, NY','12302','HSA-3'),(258,'Olivia','Clark','2026-02-28','Female','890 Elm Street, Fairview, NY','12303','HSA-2'),(259,'Noah','Lewis','2026-03-05','Male','234 Cedar Lane, Georgetown, NY','12304','HSA-2'),(260,'Ava','Robinson','2026-03-02','Female','456 Pine Road, Madison, NY','12305','HSA-1'),(261,'James','Young','2026-03-07','Male','678 Lake Drive, Clinton, NY','12306','HSA-3'),(262,'Sophia','King','2026-03-04','Female','321 River Road, Franklin, NY','12307','HSA-1'),(263,'Lucas','Wright','2026-03-06','Male','543 Highland Avenue, Greenville, NY','12308','HSA-2'),(264,'Mia','Hill','2026-02-26','Female','876 Spring Street, Springfield, NY','12301','HSA-3'),(265,'Ethan','Scott','2026-03-08','Male','109 Forest Drive, Riverside, NY','12302','HSA-3'),(266,'Isabella','Green','2026-03-01','Female','432 Church Street, Fairview, NY','12303','HSA-2'),(267,'Mason','Adams','2026-03-03','Male','765 Mill Road, Georgetown, NY','12304','HSA-2'),(268,'Charlotte','Baker','2026-02-27','Female','198 Bridge Street, Madison, NY','12305','HSA-1'),(269,'Logan','Nelson','2026-03-05','Male','654 Center Street, Clinton, NY','12306','HSA-3'),(270,'Amelia','Carter','2026-03-04','Female','287 Court Street, Franklin, NY','12307','HSA-1'),(271,'Daniel','Mitchell','1978-04-12','Male','234 Main Street, Springfield, NY','12301','HSA-3'),(272,'Sarah','Phillips','1985-07-23','Female','567 Oak Avenue, Springfield, NY','12301','HSA-3'),(273,'Kevin','Campbell','1960-11-05','Male','890 Elm Street, Riverside, NY','12302','HSA-3'),(274,'Nancy','Parker','1972-03-18','Female','123 Cedar Lane, Riverside, NY','12302','HSA-3'),(275,'Brian','Evans','1990-08-30','Male','456 Pine Road, Fairview, NY','12303','HSA-2'),(276,'Laura','Turner','1968-12-14','Female','789 Lake Drive, Fairview, NY','12303','HSA-2'),(277,'Mark','Collins','1955-06-22','Male','321 River Road, Georgetown, NY','12304','HSA-2'),(278,'Angela','Stewart','1982-09-11','Female','654 Highland Avenue, Georgetown, NY','12304','HSA-2'),(279,'Steven','Morris','1975-01-27','Male','987 Spring Street, Madison, NY','12305','HSA-1'),(280,'Michelle','Rogers','1988-05-09','Female','147 Forest Drive, Madison, NY','12305','HSA-1'),(281,'Gary','Reed','1963-10-03','Male','258 Church Street, Clinton, NY','12306','HSA-3'),(282,'Donna','Cook','1979-02-16','Female','369 Mill Road, Clinton, NY','12306','HSA-3'),(283,'Edward','Morgan','1992-07-28','Male','741 Academy Street, Franklin, NY','12307','HSA-1'),(284,'Carol','Bell','1966-04-05','Female','852 Bridge Street, Franklin, NY','12307','HSA-1'),(285,'Ronald','Murphy','1958-08-19','Male','963 Center Street, Greenville, NY','12308','HSA-2'),(286,'Sharon','Bailey','1983-11-24','Female','174 Court Street, Springfield, NY','12301','HSA-3'),(287,'Jeffrey','Rivera','1970-06-08','Male','285 Franklin Avenue, Springfield, NY','12301','HSA-3'),(288,'Diane','Cooper','1987-03-15','Female','396 Grant Street, Riverside, NY','12302','HSA-3'),(289,'Gregory','Howard','1962-09-30','Male','417 Liberty Street, Riverside, NY','12302','HSA-3'),(290,'Ruth','Ward','1976-12-12','Female','528 Madison Avenue, Fairview, NY','12303','HSA-2'),(291,'Dennis','Torres','1981-05-20','Male','639 Monroe Street, Fairview, NY','12303','HSA-2'),(292,'Virginia','Peterson','1969-08-07','Female','750 Pearl Street, Georgetown, NY','12304','HSA-2'),(293,'Larry','Gray','1957-01-14','Male','861 Pleasant Street, Georgetown, NY','12304','HSA-2'),(294,'Kathleen','James','1984-10-26','Female','972 Prospect Avenue, Madison, NY','12305','HSA-1'),(295,'Scott','Watson','1973-04-03','Male','183 School Street, Madison, NY','12305','HSA-1'),(296,'Amy','Brooks','1991-07-17','Female','294 Union Street, Clinton, NY','12306','HSA-3'),(297,'Raymond','Kelly','1965-12-09','Male','415 Valley Road, Clinton, NY','12306','HSA-3'),(298,'Pamela','Price','1980-02-22','Female','526 Walnut Street, Franklin, NY','12307','HSA-1'),(299,'Timothy','Bennett','1956-09-14','Male','637 Water Street, Franklin, NY','12307','HSA-1'),(300,'Christine','Wood','1977-06-01','Female','748 Willow Lane, Greenville, NY','12308','HSA-2');

--
-- Table structure for table `quality_indicators`
--

DROP TABLE IF EXISTS `quality_indicators`;
CREATE TABLE `quality_indicators` (
  `IndicatorID` int NOT NULL AUTO_INCREMENT,
  `DepartmentID` int DEFAULT NULL,
  `CatchmentArea` varchar(20) DEFAULT NULL,
  `IndicatorName` varchar(50) NOT NULL,
  `ReportingPeriodStart` date NOT NULL,
  `ReportingPeriodEnd` date NOT NULL,
  `Numerator` float DEFAULT NULL,
  `Denominator` float DEFAULT NULL,
  `ComputedValue` float NOT NULL,
  `SeverityFlag` varchar(20) DEFAULT NULL,
  `ComputationDate` date NOT NULL,
  `DerivationRule` varchar(200) NOT NULL,
  PRIMARY KEY (`IndicatorID`),
  KEY `DepartmentID` (`DepartmentID`),
  CONSTRAINT `quality_indicators_ibfk_1` FOREIGN KEY (`DepartmentID`) REFERENCES `departments` (`DepartmentID`)
) ENGINE=InnoDB AUTO_INCREMENT=339 DEFAULT CHARSET=utf8mb4 COLLATE=utf8mb4_0900_ai_ci;

--
-- Dumping data for table `quality_indicators`
--

INSERT INTO `quality_indicators` VALUES (308,NULL,'HSA-2','readmission_rate_30d','2024-01-01','2025-12-31',6,73,8.2,'elevated','2026-05-15','Readmissions / inpatient+ED encounters per catchment area'),(309,NULL,'HSA-1','readmission_rate_30d','2024-01-01','2025-12-31',5,47,10.6,'critical','2026-05-15','Readmissions / inpatient+ED encounters per catchment area'),(310,NULL,'HSA-3','readmission_rate_30d','2024-01-01','2025-12-31',9,66,13.6,'critical','2026-05-15','Readmissions / inpatient+ED encounters per catchment area'),(311,NULL,'HSA-3','first_encounter_complication_rate','2024-01-01','2025-12-31',34,72,47.2,'elevated','2026-05-15','Patients whose first encounter is emergency/inpatient per catchment'),(312,NULL,'HSA-2','first_encounter_complication_rate','2024-01-01','2025-12-31',37,67,55.2,'critical','2026-05-15','Patients whose first encounter is emergency/inpatient per catchment'),(313,NULL,'HSA-1','first_encounter_complication_rate','2024-01-01','2025-12-31',23,51,45.1,'elevated','2026-05-15','Patients whose first encounter is emergency/inpatient per catchment'),(314,2,NULL,'bed_utilization_rate','2024-01-01','2025-12-31',105,13158,0.8,'normal','2026-05-15','Total bed-days used / (bed capacity x days in period) per department'),(315,5,NULL,'bed_utilization_rate','2024-01-01','2025-12-31',11,7310,0.15,'normal','2026-05-15','Total bed-days used / (bed capacity x days in period) per department'),(316,7,NULL,'bed_utilization_rate','2024-01-01','2025-12-31',72,13889,0.52,'normal','2026-05-15','Total bed-days used / (bed capacity x days in period) per department'),(317,3,NULL,'bed_utilization_rate','2024-01-01','2025-12-31',73,14620,0.5,'normal','2026-05-15','Total bed-days used / (bed capacity x days in period) per department'),(318,6,NULL,'bed_utilization_rate','2024-01-01','2025-12-31',81,12427,0.65,'normal','2026-05-15','Total bed-days used / (bed capacity x days in period) per department'),(319,11,NULL,'bed_utilization_rate','2024-01-01','2025-12-31',17,13158,0.13,'normal','2026-05-15','Total bed-days used / (bed capacity x days in period) per department'),(320,1,NULL,'provider_workload_index','2024-01-01','2025-12-31',123,9503,0.0129,'normal','2026-05-15','Encounters / (active clinical staff x days in period) per department'),(321,2,NULL,'provider_workload_index','2024-01-01','2025-12-31',16,13889,0.0012,'normal','2026-05-15','Encounters / (active clinical staff x days in period) per department'),(322,3,NULL,'provider_workload_index','2024-01-01','2025-12-31',16,9503,0.0017,'normal','2026-05-15','Encounters / (active clinical staff x days in period) per department'),(323,4,NULL,'provider_workload_index','2024-01-01','2025-12-31',22,7310,0.003,'normal','2026-05-15','Encounters / (active clinical staff x days in period) per department'),(324,5,NULL,'provider_workload_index','2024-01-01','2025-12-31',28,13889,0.002,'normal','2026-05-15','Encounters / (active clinical staff x days in period) per department'),(325,6,NULL,'provider_workload_index','2024-01-01','2025-12-31',51,10234,0.005,'normal','2026-05-15','Encounters / (active clinical staff x days in period) per department'),(326,7,NULL,'provider_workload_index','2024-01-01','2025-12-31',57,10965,0.0052,'normal','2026-05-15','Encounters / (active clinical staff x days in period) per department'),(327,8,NULL,'provider_workload_index','2024-01-01','2025-12-31',17,13158,0.0013,'normal','2026-05-15','Encounters / (active clinical staff x days in period) per department'),(328,9,NULL,'provider_workload_index','2024-01-01','2025-12-31',8,9503,0.0008,'normal','2026-05-15','Encounters / (active clinical staff x days in period) per department'),(329,10,NULL,'provider_workload_index','2024-01-01','2025-12-31',10,10234,0.001,'normal','2026-05-15','Encounters / (active clinical staff x days in period) per department'),(330,11,NULL,'provider_workload_index','2024-01-01','2025-12-31',18,15351,0.0012,'normal','2026-05-15','Encounters / (active clinical staff x days in period) per department');

--
-- Table structure for table `referrals`
--

DROP TABLE IF EXISTS `referrals`;
CREATE TABLE `referrals` (
  `ReferralID` int NOT NULL AUTO_INCREMENT,
  `PatientID` int DEFAULT NULL,
  `EncounterID` int DEFAULT NULL,
  `DepartmentID` int DEFAULT NULL,
  `ReceivingHospital` varchar(100) DEFAULT NULL,
  `SpecialtyRequired` varchar(50) DEFAULT NULL,
  `DateRequested` date DEFAULT NULL,
  `DateResolved` date DEFAULT NULL,
  `Status` varchar(20) DEFAULT NULL,
  `RejectionReason` varchar(200) DEFAULT NULL,
  `TransportDifficultyFlag` varchar(5) DEFAULT NULL,
  `TransportDifficultyReason` varchar(200) DEFAULT NULL,
  `ReferralDirection` varchar(10) DEFAULT NULL,
  PRIMARY KEY (`ReferralID`),
  KEY `PatientID` (`PatientID`),
  KEY `EncounterID` (`EncounterID`),
  KEY `DepartmentID` (`DepartmentID`),
  CONSTRAINT `referrals_ibfk_1` FOREIGN KEY (`PatientID`) REFERENCES `patients` (`PatientID`),
  CONSTRAINT `referrals_ibfk_2` FOREIGN KEY (`EncounterID`) REFERENCES `encounters` (`EncounterID`),
  CONSTRAINT `referrals_ibfk_3` FOREIGN KEY (`DepartmentID`) REFERENCES `departments` (`DepartmentID`)
) ENGINE=InnoDB AUTO_INCREMENT=136 DEFAULT CHARSET=utf8mb4 COLLATE=utf8mb4_0900_ai_ci;

--
-- Dumping data for table `referrals`
--

INSERT INTO `referrals` VALUES (1,147,62,2,'Springfield General Hospital','Interventional Radiology','2026-01-12',NULL,'pending',NULL,'No',NULL,'outgoing'),(2,22,236,2,'Riverside Regional Medical Center','Interventional Radiology','2024-04-02','2024-04-02','accepted',NULL,'No',NULL,'outgoing'),(3,164,NULL,6,'Madison University Hospital','Pediatrics','2024-08-22','2024-08-24','accepted',NULL,'No',NULL,'incoming'),(4,100,115,1,'State University Medical Center','Cardiothoracic Surgery','2025-09-24','2025-09-27','accepted',NULL,'No',NULL,'outgoing'),(5,11,367,3,'Riverside Regional Medical Center','Pediatric Surgery','2025-11-02','2025-11-03','accepted',NULL,'No',NULL,'outgoing'),(6,139,209,7,'Clinton Memorial Hospital','Oncology','2024-03-19','2024-03-21','rejected','No bed available','No',NULL,'outgoing'),(7,131,123,1,'Springfield General Hospital','Burns Unit','2025-06-01',NULL,'pending',NULL,'No',NULL,'outgoing'),(8,93,175,1,'Springfield General Hospital','Neurosurgery','2025-01-27','2025-01-30','rejected','Transfer window expired','No',NULL,'outgoing'),(9,63,319,2,'Clinton Memorial Hospital','Cardiac Catheterization','2025-06-16','2025-06-19','accepted',NULL,'No',NULL,'outgoing'),(10,72,NULL,6,'Riverside Regional Medical Center','Pediatrics','2025-11-03','2025-11-03','accepted',NULL,'No',NULL,'incoming'),(11,109,263,11,'Springfield General Hospital','Trauma Surgery','2025-01-08','2025-01-09','accepted',NULL,'No',NULL,'outgoing'),(12,10,312,1,'Riverside Regional Medical Center','Vascular Surgery','2026-01-27','2026-01-30','rejected','No bed available','No',NULL,'outgoing'),(13,161,390,1,'Clinton Memorial Hospital','Burns Unit','2024-08-29','2024-08-29','accepted',NULL,'No',NULL,'outgoing'),(14,58,370,1,'Riverside Regional Medical Center','Trauma Surgery','2025-10-02','2025-10-02','accepted',NULL,'No',NULL,'outgoing'),(15,76,323,7,'Madison University Hospital','Oncology','2025-03-08','2025-03-11','rejected','Patient unstable for transfer','No',NULL,'outgoing'),(16,204,138,1,'Riverside Regional Medical Center','Vascular Surgery','2024-12-15','2024-12-16','accepted',NULL,'No',NULL,'outgoing'),(17,20,NULL,11,'Springfield General Hospital','Orthopedics','2024-04-29','2024-04-29','accepted',NULL,'No',NULL,'incoming'),(18,234,217,6,'Clinton Memorial Hospital','Pediatric Surgery','2024-12-05','2024-12-05','accepted',NULL,'No',NULL,'outgoing'),(19,117,205,1,'Madison University Hospital','Burns Unit','2024-04-22',NULL,'pending',NULL,'No',NULL,'outgoing'),(20,148,203,1,'State University Medical Center','Neurosurgery','2026-02-03',NULL,'pending',NULL,'No',NULL,'outgoing'),(21,63,139,1,'Riverside Regional Medical Center','Vascular Surgery','2025-07-22','2025-07-26','rejected','Specialty not accepting new transfers','No',NULL,'outgoing'),(22,85,NULL,8,'Riverside Regional Medical Center','Cardiology','2025-10-05','2025-10-05','accepted',NULL,'No',NULL,'incoming'),(23,43,NULL,6,'Madison University Hospital','Pediatrics','2024-09-08','2024-09-08','accepted',NULL,'No',NULL,'incoming'),(24,193,178,1,'Madison University Hospital','Trauma Surgery','2025-06-12','2025-06-13','accepted',NULL,'No',NULL,'outgoing'),(25,138,48,1,'Clinton Memorial Hospital','Trauma Surgery','2025-03-19','2025-03-19','accepted',NULL,'No',NULL,'outgoing'),(26,214,NULL,4,'State University Medical Center','Obstetrics','2026-01-19','2026-01-20','accepted',NULL,'No',NULL,'incoming'),(27,59,10,7,'Clinton Memorial Hospital','Nephrology','2025-12-04','2025-12-06','accepted',NULL,'No',NULL,'outgoing'),(28,242,1,1,'Clinton Memorial Hospital','Neurosurgery','2024-03-11','2024-03-13','accepted',NULL,'No',NULL,'outgoing'),(29,223,NULL,8,'Springfield General Hospital','Cardiology','2025-12-29','2025-12-29','accepted',NULL,'No',NULL,'incoming'),(30,246,29,1,'Springfield General Hospital','Cardiothoracic Surgery','2024-11-26','2024-11-26','accepted',NULL,'Yes','Receiving facility not reachable by available vehicle','outgoing'),(31,203,NULL,1,'Madison University Hospital','Emergency Medicine','2025-06-12','2025-06-12','accepted',NULL,'No',NULL,'incoming'),(32,117,346,1,'Riverside Regional Medical Center','Burns Unit','2024-08-29','2024-08-30','accepted',NULL,'No',NULL,'outgoing'),(33,189,165,2,'Springfield General Hospital','Advanced Cardiac Care','2025-06-13','2025-06-16','accepted',NULL,'No',NULL,'outgoing'),(34,67,128,1,'Springfield General Hospital','Cardiothoracic Surgery','2024-09-08','2024-09-11','rejected','No bed available','No',NULL,'outgoing'),(35,75,NULL,1,'Springfield General Hospital','Emergency Medicine','2025-02-28','2025-02-28','accepted',NULL,'No',NULL,'incoming'),(36,207,NULL,6,'Madison University Hospital','Pediatrics','2026-02-09','2026-02-09','accepted',NULL,'No',NULL,'incoming'),(37,122,238,6,'Clinton Memorial Hospital','Neonatal Intensive Care','2024-06-27','2024-06-28','rejected','Required specialist unavailable','No',NULL,'outgoing'),(38,112,182,1,'Madison University Hospital','Neurosurgery','2025-05-29',NULL,'pending',NULL,'No',NULL,'outgoing'),(39,80,186,5,'Riverside Regional Medical Center','Orthopedic Surgery','2025-09-19','2025-09-24','rejected','Specialty not accepting new transfers','No',NULL,'outgoing'),(40,124,44,1,'Springfield General Hospital','Trauma Surgery','2024-12-24','2024-12-25','accepted',NULL,'No',NULL,'outgoing'),(41,77,NULL,7,'Madison University Hospital','Internal Medicine','2025-06-06','2025-06-06','accepted',NULL,'No',NULL,'incoming'),(42,32,310,1,'Madison University Hospital','Vascular Surgery','2025-06-01','2025-06-02','accepted',NULL,'No',NULL,'outgoing'),(43,245,NULL,4,'Springfield General Hospital','Obstetrics','2025-02-03','2025-02-03','accepted',NULL,'No',NULL,'incoming'),(44,26,190,11,'Springfield General Hospital','Orthopedic Surgery','2026-01-15',NULL,'pending',NULL,'No',NULL,'outgoing'),(45,62,183,3,'Northeast Specialty Hospital','Neonatal Intensive Care','2025-07-08','2025-07-09','accepted',NULL,'No',NULL,'outgoing'),(46,247,NULL,7,'Madison University Hospital','Internal Medicine','2025-02-12','2025-02-12','accepted',NULL,'No',NULL,'incoming'),(47,63,22,1,'Riverside Regional Medical Center','Vascular Surgery','2026-02-24','2026-02-25','accepted',NULL,'No',NULL,'outgoing'),(48,32,294,1,'Riverside Regional Medical Center','Trauma Surgery','2024-06-05','2024-06-05','accepted',NULL,'No',NULL,'outgoing'),(49,159,195,3,'Riverside Regional Medical Center','Pediatric Surgery','2024-10-23','2024-10-23','accepted',NULL,'No',NULL,'outgoing'),(50,212,357,1,'Riverside Regional Medical Center','Cardiothoracic Surgery','2024-12-18','2024-12-20','accepted',NULL,'No',NULL,'outgoing'),(51,116,235,1,'State University Medical Center','Cardiothoracic Surgery','2024-03-08','2024-03-11','rejected','Receiving facility at capacity','No',NULL,'outgoing'),(52,97,NULL,5,'Madison University Hospital','General Surgery','2026-01-20','2026-01-21','accepted',NULL,'Yes','Family refused ambulance transport','incoming'),(53,10,NULL,5,'Riverside Regional Medical Center','General Surgery','2026-01-06','2026-01-07','accepted',NULL,'No',NULL,'incoming'),(54,21,77,6,'Riverside Regional Medical Center','Pediatric Surgery','2024-09-07',NULL,'pending',NULL,'No',NULL,'outgoing'),(55,91,337,1,'Springfield General Hospital','Neurosurgery','2024-03-26','2024-03-28','accepted',NULL,'No',NULL,'outgoing'),(56,224,204,1,'Riverside Regional Medical Center','Burns Unit','2024-07-01','2024-07-01','accepted',NULL,'No',NULL,'outgoing'),(57,74,202,1,'Springfield General Hospital','Neurosurgery','2024-03-30','2024-04-01','rejected','Patient unstable for transfer','No',NULL,'outgoing'),(58,195,210,3,'Springfield General Hospital','Pediatric Surgery','2024-09-24','2024-09-29','rejected','No bed available','No',NULL,'outgoing'),(59,77,54,3,'State University Medical Center','Pediatric Surgery','2025-08-20',NULL,'pending',NULL,'No',NULL,'outgoing'),(60,228,153,6,'Clinton Memorial Hospital','Neonatal Intensive Care','2024-06-16',NULL,'pending',NULL,'No',NULL,'outgoing'),(61,175,20,7,'Riverside Regional Medical Center','Nephrology','2024-06-30','2024-07-01','accepted',NULL,'Yes','Family refused ambulance transport','outgoing'),(62,102,363,1,'Springfield General Hospital','Cardiothoracic Surgery','2025-04-01','2025-04-04','accepted',NULL,'No',NULL,'outgoing'),(63,159,NULL,8,'Riverside Regional Medical Center','Cardiology','2025-02-04','2025-02-06','accepted',NULL,'No',NULL,'incoming'),(64,66,61,2,'Riverside Regional Medical Center','Cardiac Catheterization','2025-09-30',NULL,'pending',NULL,'No',NULL,'outgoing'),(65,248,107,6,'Clinton Memorial Hospital','Neonatal Intensive Care','2025-12-13',NULL,'pending',NULL,'No',NULL,'outgoing'),(66,130,NULL,6,'Clinton Memorial Hospital','Pediatrics','2025-09-01','2025-09-02','accepted',NULL,'No',NULL,'incoming'),(67,209,354,6,'Springfield General Hospital','Neonatal Intensive Care','2025-05-15',NULL,'pending',NULL,'No',NULL,'outgoing'),(68,84,NULL,8,'State University Medical Center','Cardiology','2026-01-29','2026-01-30','accepted',NULL,'No',NULL,'incoming'),(69,104,92,1,'Madison University Hospital','Burns Unit','2024-12-31','2025-01-03','accepted',NULL,'No',NULL,'outgoing'),(70,5,157,1,'Madison University Hospital','Trauma Surgery','2025-12-18','2025-12-19','rejected','Insurance not accepted at receiving facility','No',NULL,'outgoing'),(71,210,352,6,'Springfield General Hospital','Neonatal Intensive Care','2024-12-13','2024-12-13','accepted',NULL,'Yes','Patient too unstable for ground transport','outgoing'),(72,235,43,7,'Riverside Regional Medical Center','Cardiothoracic Surgery','2025-01-11','2025-01-13','rejected','Patient unstable for transfer','No',NULL,'outgoing'),(73,211,264,1,'Riverside Regional Medical Center','Burns Unit','2025-02-20',NULL,'pending',NULL,'No',NULL,'outgoing'),(74,59,262,5,'Springfield General Hospital','Trauma Surgery','2024-12-23','2024-12-24','accepted',NULL,'No',NULL,'outgoing'),(75,47,NULL,4,'Northeast Specialty Hospital','Obstetrics','2025-09-12','2025-09-12','accepted',NULL,'No',NULL,'incoming'),(76,187,53,7,'Springfield General Hospital','Oncology','2024-06-06',NULL,'pending',NULL,'No',NULL,'outgoing'),(77,146,275,1,'Madison University Hospital','Vascular Surgery','2025-12-02',NULL,'pending',NULL,'No',NULL,'outgoing'),(78,13,301,11,'Riverside Regional Medical Center','Trauma Surgery','2024-03-17','2024-03-18','accepted',NULL,'No',NULL,'outgoing'),(79,26,NULL,11,'Riverside Regional Medical Center','Orthopedics','2025-01-08','2025-01-09','accepted',NULL,'No',NULL,'incoming'),(80,32,365,1,'Madison University Hospital','Vascular Surgery','2024-07-27','2024-07-29','accepted',NULL,'No',NULL,'outgoing'),(81,54,329,1,'Springfield General Hospital','Cardiothoracic Surgery','2025-05-20',NULL,'pending',NULL,'Yes','Patient too unstable for ground transport','outgoing'),(82,104,NULL,11,'Northeast Specialty Hospital','Orthopedics','2024-05-25','2024-05-25','accepted',NULL,'No',NULL,'incoming'),(83,237,NULL,5,'Clinton Memorial Hospital','General Surgery','2025-03-15','2025-03-16','accepted',NULL,'No',NULL,'incoming'),(84,203,135,1,'Riverside Regional Medical Center','Neurosurgery','2025-05-10',NULL,'pending',NULL,'No',NULL,'outgoing'),(85,248,245,1,'Springfield General Hospital','Vascular Surgery','2025-05-20','2025-05-21','accepted',NULL,'Yes','Receiving facility not reachable by available vehicle','outgoing'),(86,226,68,1,'State University Medical Center','Trauma Surgery','2024-12-28',NULL,'pending',NULL,'No',NULL,'outgoing'),(87,134,342,1,'Springfield General Hospital','Trauma Surgery','2024-08-03','2024-08-04','accepted',NULL,'No',NULL,'outgoing'),(88,169,30,1,'Madison University Hospital','Vascular Surgery','2025-12-25','2025-12-27','rejected','Receiving facility at capacity','No',NULL,'outgoing'),(89,161,49,11,'Clinton Memorial Hospital','Trauma Surgery','2026-02-05','2026-02-10','rejected','Required specialist unavailable','No',NULL,'outgoing'),(90,217,212,6,'Madison University Hospital','Neonatal Intensive Care','2026-01-24','2026-01-25','accepted',NULL,'No',NULL,'outgoing'),(91,75,379,1,'Madison University Hospital','Vascular Surgery','2024-08-29','2024-08-29','accepted',NULL,'No',NULL,'outgoing'),(92,154,NULL,7,'Clinton Memorial Hospital','Internal Medicine','2025-09-18','2025-09-19','accepted',NULL,'No',NULL,'incoming'),(93,179,NULL,11,'Riverside Regional Medical Center','Orthopedics','2025-10-20','2025-10-20','accepted',NULL,'No',NULL,'incoming'),(94,188,109,1,'Riverside Regional Medical Center','Trauma Surgery','2024-10-30',NULL,'pending',NULL,'No',NULL,'outgoing'),(95,249,65,6,'Madison University Hospital','Neonatal Intensive Care','2025-04-21','2025-04-23','accepted',NULL,'No',NULL,'outgoing'),(96,115,284,7,'Riverside Regional Medical Center','Oncology','2026-02-13','2026-02-16','accepted',NULL,'No',NULL,'outgoing'),(97,173,173,1,'Springfield General Hospital','Vascular Surgery','2024-09-04',NULL,'pending',NULL,'No',NULL,'outgoing'),(98,7,NULL,5,'State University Medical Center','General Surgery','2025-08-03','2025-08-03','accepted',NULL,'No',NULL,'incoming'),(99,62,326,1,'Riverside Regional Medical Center','Cardiothoracic Surgery','2024-07-13','2024-07-13','accepted',NULL,'No',NULL,'outgoing'),(100,27,35,7,'State University Medical Center','Nephrology','2024-07-15','2024-07-15','accepted',NULL,'Yes','Ambulance delayed due to prior call','outgoing'),(128,139,209,7,'State University Medical Center','Oncology','2024-11-10','2024-11-12','accepted',NULL,'No',NULL,'outgoing'),(129,93,175,1,'Madison University Hospital','Neurosurgery','2024-07-20','2024-07-22','accepted',NULL,'Yes','Ambulance delayed due to prior call','outgoing'),(130,10,312,1,'Riverside Regional Medical Center','Vascular Surgery','2025-08-15','2025-08-16','accepted',NULL,'No',NULL,'outgoing'),(131,76,323,7,'Northeast Specialty Hospital','Oncology','2025-09-05',NULL,'pending',NULL,'No',NULL,'outgoing'),(132,63,139,1,'Springfield General Hospital','Vascular Surgery','2024-06-18','2024-06-20','accepted',NULL,'No',NULL,'outgoing'),(133,258,514,3,'Springfield General Hospital','Neonatal Intensive Care','2026-03-09','2026-03-09','accepted',NULL,'No',NULL,'incoming'),(134,263,519,3,'Riverside Regional Medical Center','Neonatal Intensive Care','2026-03-09','2026-03-09','accepted',NULL,'Yes','Patient too unstable for ground transport','incoming'),(135,268,524,3,'Clinton Memorial Hospital','Neonatal Intensive Care','2026-03-09','2026-03-09','accepted',NULL,'No',NULL,'incoming');

--
-- Table structure for table `satisfaction_surveys`
--

DROP TABLE IF EXISTS `satisfaction_surveys`;
CREATE TABLE `satisfaction_surveys` (
  `SurveyID` int NOT NULL AUTO_INCREMENT,
  `PatientID` int DEFAULT NULL,
  `EncounterID` int DEFAULT NULL,
  `OverallRating` int DEFAULT NULL,
  `StaffRating` int DEFAULT NULL,
  `FacilityRating` int DEFAULT NULL,
  `SurveyDate` date DEFAULT NULL,
  PRIMARY KEY (`SurveyID`),
  KEY `PatientID` (`PatientID`),
  KEY `EncounterID` (`EncounterID`),
  CONSTRAINT `satisfaction_surveys_ibfk_1` FOREIGN KEY (`PatientID`) REFERENCES `patients` (`PatientID`),
  CONSTRAINT `satisfaction_surveys_ibfk_2` FOREIGN KEY (`EncounterID`) REFERENCES `encounters` (`EncounterID`)
) ENGINE=InnoDB AUTO_INCREMENT=269 DEFAULT CHARSET=utf8mb4 COLLATE=utf8mb4_0900_ai_ci;

--
-- Dumping data for table `satisfaction_surveys`
--

INSERT INTO `satisfaction_surveys` VALUES (1,85,3,5,3,4,'2024-03-30'),(2,119,4,3,4,4,'2025-12-16'),(3,8,6,4,4,5,'2025-01-01'),(4,30,8,5,4,5,'2024-09-18'),(5,59,10,3,4,3,'2025-03-19'),(6,231,12,5,4,3,'2026-03-04'),(7,203,13,5,2,5,'2026-01-12'),(8,234,14,3,4,2,'2024-04-07'),(9,66,15,4,4,4,'2025-10-19'),(10,217,18,5,4,4,'2024-12-20'),(11,219,21,4,4,2,'2025-02-03'),(12,26,23,5,5,3,'2024-06-08'),(13,54,24,3,5,3,'2025-09-27'),(14,107,25,4,5,4,'2024-06-14'),(15,76,27,2,3,2,'2025-12-06'),(16,246,29,5,3,3,'2025-06-29'),(17,169,30,4,4,2,'2025-11-17'),(18,161,31,5,3,3,'2024-06-02'),(19,203,32,3,5,2,'2025-04-25'),(20,209,33,2,5,3,'2024-12-20'),(21,122,34,3,4,4,'2025-05-10'),(22,27,35,3,2,4,'2025-02-19'),(23,162,36,4,5,4,'2025-10-14'),(24,124,37,3,4,2,'2025-01-24'),(25,152,38,2,4,3,'2025-07-27'),(26,100,39,5,5,3,'2025-12-12'),(27,98,40,2,4,3,'2025-12-19'),(28,242,42,3,5,5,'2025-11-18'),(29,235,43,4,4,3,'2024-09-21'),(30,197,45,4,4,4,'2024-11-26'),(31,9,46,5,4,2,'2025-10-19'),(32,89,47,4,4,4,'2025-07-14'),(33,138,48,5,5,2,'2025-05-20'),(34,161,49,4,3,4,'2025-05-31'),(35,111,50,5,4,3,'2025-08-29'),(36,229,51,4,5,4,'2025-09-27'),(37,187,53,5,4,3,'2026-01-18'),(38,77,54,5,4,3,'2025-02-26'),(39,213,55,2,3,4,'2025-10-19'),(40,112,57,3,4,4,'2026-03-03'),(41,164,58,5,4,3,'2024-06-14'),(42,66,61,3,5,4,'2025-03-16'),(43,147,62,4,4,2,'2024-05-13'),(44,68,63,5,4,4,'2024-09-13'),(45,8,64,3,3,4,'2025-07-07'),(46,214,67,4,4,4,'2024-10-13'),(47,226,68,3,4,3,'2026-03-09'),(48,93,69,5,4,3,'2024-10-12'),(49,48,70,4,4,5,'2025-02-10'),(50,187,71,3,3,3,'2025-07-08'),(51,220,72,4,5,5,'2025-11-13'),(52,74,74,3,3,3,'2024-08-17'),(53,153,75,4,4,3,'2025-08-08'),(54,196,76,5,5,2,'2024-09-11'),(55,21,77,3,5,4,'2025-03-20'),(56,134,78,3,4,4,'2026-01-22'),(57,60,79,4,5,3,'2024-09-06'),(58,47,80,5,3,2,'2024-11-11'),(59,65,81,5,4,4,'2025-08-15'),(60,216,82,4,3,4,'2025-04-05'),(61,42,84,4,4,5,'2024-07-11'),(62,156,87,5,4,3,'2024-06-22'),(63,135,89,5,3,4,'2026-02-26'),(64,104,92,4,5,5,'2024-05-26'),(65,163,93,3,4,3,'2026-03-12'),(66,137,94,3,5,5,'2026-02-12'),(67,207,95,5,4,2,'2025-01-05'),(68,188,96,5,3,4,'2024-12-06'),(69,112,97,2,4,4,'2025-04-13'),(70,103,98,5,5,3,'2025-01-07'),(71,184,100,5,4,4,'2024-07-02'),(72,120,106,5,5,3,'2025-02-15'),(73,248,107,4,4,3,'2025-03-14'),(74,188,109,4,5,4,'2024-09-02'),(75,122,110,5,4,5,'2024-08-10'),(76,10,111,5,5,2,'2025-03-26'),(77,187,112,4,4,2,'2025-12-22'),(78,100,115,2,2,3,'2024-06-07'),(79,164,116,4,4,5,'2025-03-05'),(80,76,118,2,2,3,'2024-07-01'),(81,17,119,5,3,4,'2024-08-11'),(82,188,121,4,5,4,'2025-06-16'),(83,8,124,4,4,5,'2024-06-15'),(84,94,125,2,5,3,'2025-06-05'),(85,48,127,4,3,4,'2025-12-04'),(86,53,132,4,4,4,'2025-01-24'),(87,121,133,5,5,3,'2024-07-14'),(88,149,134,4,4,5,'2025-03-27'),(89,203,135,5,4,3,'2026-02-17'),(90,63,139,2,3,5,'2024-05-24'),(91,92,140,4,4,3,'2026-03-12'),(92,14,141,4,4,3,'2025-01-30'),(93,178,142,3,5,4,'2025-05-01'),(94,168,146,4,5,5,'2024-05-19'),(95,71,147,4,4,4,'2025-02-07'),(96,186,150,4,4,2,'2025-03-16'),(97,89,151,5,3,3,'2024-12-29'),(98,12,154,5,3,2,'2025-11-08'),(99,115,155,4,4,3,'2025-10-21'),(100,71,156,3,2,4,'2024-07-17'),(101,149,158,5,3,2,'2025-03-31'),(102,230,160,5,2,5,'2026-01-24'),(103,46,161,3,5,3,'2024-06-14'),(104,107,162,4,5,2,'2025-08-28'),(105,18,164,4,3,5,'2025-02-17'),(106,189,165,3,3,4,'2025-02-03'),(107,234,167,4,4,4,'2024-10-15'),(108,26,170,4,4,3,'2025-03-17'),(109,241,174,4,5,4,'2024-07-05'),(110,93,175,3,4,2,'2024-08-21'),(111,228,176,3,3,5,'2025-05-25'),(112,193,178,4,4,4,'2026-01-05'),(113,166,179,4,4,5,'2024-11-19'),(114,139,180,3,5,4,'2025-02-20'),(115,159,181,3,5,2,'2025-11-07'),(116,112,182,3,4,3,'2025-09-22'),(117,135,184,3,3,2,'2024-09-05'),(118,193,185,4,4,3,'2025-02-18'),(119,80,186,3,4,4,'2026-02-13'),(120,131,187,5,2,3,'2025-07-02'),(121,139,189,4,5,2,'2024-03-30'),(122,232,192,5,4,4,'2026-01-08'),(123,165,193,3,5,5,'2024-05-26'),(124,159,195,2,5,5,'2025-02-21'),(125,231,196,4,3,4,'2025-05-03'),(126,87,197,4,3,3,'2024-09-29'),(127,181,198,5,2,4,'2024-12-04'),(128,20,199,4,4,2,'2025-01-04'),(129,127,200,3,5,4,'2025-12-31'),(130,224,204,4,4,5,'2025-08-19'),(131,117,205,3,4,3,'2024-12-30'),(132,151,207,3,4,3,'2024-08-29'),(133,2,208,3,4,4,'2024-05-17'),(134,139,209,5,4,5,'2024-09-13'),(135,195,210,3,5,3,'2025-11-13'),(136,217,212,4,3,5,'2025-08-12'),(137,9,213,4,2,3,'2024-10-28'),(138,131,214,4,5,3,'2024-08-03'),(139,197,218,5,4,5,'2024-07-17'),(140,50,221,5,4,2,'2025-01-26'),(141,62,222,3,5,4,'2025-08-08'),(142,206,223,4,4,5,'2025-12-11'),(143,201,224,4,3,3,'2026-02-25'),(144,66,225,4,5,5,'2025-05-01'),(145,220,226,4,5,5,'2024-11-09'),(146,179,227,5,3,4,'2024-11-21'),(147,250,229,5,2,4,'2026-01-12'),(148,16,231,3,3,2,'2024-12-06'),(149,85,233,4,4,2,'2025-05-22'),(150,116,235,3,5,4,'2025-11-09'),(151,198,237,4,5,3,'2024-04-12'),(152,122,238,2,4,5,'2024-09-09'),(153,22,239,5,5,3,'2025-12-13'),(154,215,241,4,4,3,'2024-05-12'),(155,66,242,5,4,4,'2025-09-26'),(156,93,244,2,4,4,'2025-08-04'),(157,248,245,5,2,5,'2025-12-27'),(158,246,246,2,3,4,'2024-06-16'),(159,205,248,3,4,4,'2024-06-29'),(160,30,249,3,5,3,'2025-06-17'),(161,45,250,4,3,3,'2024-05-22'),(162,74,253,3,4,5,'2025-11-14'),(163,23,254,5,5,3,'2025-09-27'),(164,124,256,5,4,2,'2024-04-30'),(165,185,257,4,4,5,'2024-08-16'),(166,66,259,5,3,3,'2024-10-03'),(167,98,260,2,4,3,'2025-12-22'),(168,59,262,5,5,2,'2025-04-27'),(169,109,263,3,3,3,'2024-04-10'),(170,134,265,4,4,2,'2025-11-19'),(171,67,269,2,3,4,'2025-03-11'),(172,87,270,4,4,3,'2024-09-14'),(173,134,271,4,4,3,'2025-05-02'),(174,172,273,4,3,3,'2025-03-02'),(175,223,274,5,5,4,'2024-11-08'),(176,146,275,4,5,3,'2025-05-27'),(177,170,277,3,5,4,'2025-09-02'),(178,166,279,3,4,4,'2024-08-11'),(179,222,281,3,5,5,'2024-11-28'),(180,40,282,5,4,3,'2025-07-14'),(181,36,283,5,4,3,'2025-08-09'),(182,115,284,5,4,4,'2025-03-07'),(183,14,286,5,2,4,'2024-05-09'),(184,69,289,3,3,3,'2026-01-20'),(185,219,290,5,5,4,'2025-07-18'),(186,98,293,3,5,3,'2026-01-09'),(187,32,294,3,4,3,'2025-07-12'),(188,184,297,2,4,4,'2025-04-13'),(189,15,300,2,2,5,'2026-01-07'),(190,123,302,4,5,3,'2024-08-26'),(191,89,313,4,4,2,'2025-10-27'),(192,238,314,4,4,4,'2025-07-28'),(193,155,315,3,3,4,'2025-10-12'),(194,156,316,4,5,4,'2025-10-13'),(195,42,320,3,5,3,'2025-02-25'),(196,20,321,3,5,3,'2026-01-05'),(197,158,322,4,4,2,'2024-07-28'),(198,76,323,3,2,5,'2024-08-08'),(199,31,324,5,5,5,'2024-08-16'),(200,62,326,2,4,5,'2025-02-11'),(201,89,327,4,3,4,'2025-10-31'),(202,242,328,5,2,4,'2026-01-01'),(203,54,329,5,4,4,'2024-10-19'),(204,143,330,5,4,5,'2024-09-29'),(205,50,333,4,4,2,'2025-04-22'),(206,97,334,3,5,3,'2025-01-16'),(207,147,336,3,5,5,'2025-03-10'),(208,91,337,3,5,5,'2025-05-05'),(209,101,338,4,3,4,'2025-11-19'),(210,186,339,3,4,3,'2026-01-06'),(211,134,342,3,2,5,'2024-05-17'),(212,161,343,4,3,3,'2026-03-08'),(213,1,344,4,3,3,'2024-07-09'),(214,204,345,4,4,3,'2024-07-11'),(215,138,347,2,2,2,'2024-10-12'),(216,211,350,4,3,4,'2024-10-27'),(217,210,352,2,4,5,'2025-11-05'),(218,1,353,5,5,2,'2024-07-03'),(219,55,355,5,3,2,'2024-09-12'),(220,212,357,4,4,2,'2024-05-03'),(221,167,360,3,4,4,'2024-06-26'),(222,157,362,4,5,3,'2025-04-27'),(223,11,367,4,2,5,'2024-08-29'),(224,85,368,4,5,4,'2024-09-28'),(225,225,369,3,4,4,'2024-08-05'),(226,67,371,4,2,3,'2025-02-02'),(227,233,375,4,5,4,'2025-03-07'),(228,187,376,4,2,4,'2024-12-04'),(229,69,377,4,4,5,'2025-10-19'),(230,198,378,4,3,5,'2025-08-09'),(231,75,379,4,3,5,'2024-05-16'),(232,171,380,4,4,3,'2025-07-08'),(233,189,382,5,4,2,'2025-08-20'),(234,120,384,4,4,3,'2024-06-28'),(235,93,388,4,4,3,'2024-05-15'),(236,161,390,5,4,4,'2025-04-05'),(237,127,391,2,4,4,'2025-03-26'),(238,133,393,4,4,5,'2024-09-09'),(239,108,394,4,5,2,'2025-12-06'),(240,239,395,5,4,3,'2024-10-10'),(241,239,396,5,2,4,'2026-02-13'),(242,187,397,5,4,4,'2025-08-18'),(243,154,399,4,4,3,'2025-11-14'),(244,259,515,5,2,4,'2025-12-03'),(245,260,516,3,5,5,'2024-12-01'),(246,261,517,3,3,5,'2024-08-12'),(247,264,520,5,4,3,'2025-10-15'),(248,265,521,3,5,4,'2026-02-06'),(249,269,525,4,4,2,'2025-03-21'),(250,270,526,4,4,3,'2025-09-19'),(251,272,528,4,2,3,'2024-05-21'),(252,273,529,3,5,5,'2026-02-19'),(253,274,530,2,5,3,'2025-09-23'),(254,275,531,4,4,4,'2025-10-17'),(255,277,533,3,5,4,'2025-01-17'),(256,280,536,5,5,3,'2025-10-04'),(257,281,537,3,4,4,'2025-06-17'),(258,286,542,4,5,5,'2025-01-20'),(259,287,543,4,3,2,'2025-08-27'),(260,288,544,4,4,2,'2025-11-10'),(261,289,545,4,5,4,'2025-02-20'),(262,290,546,5,4,4,'2025-08-11'),(263,291,547,2,4,4,'2024-09-30'),(264,292,548,4,4,4,'2024-06-25'),(265,293,549,3,4,3,'2024-11-05'),(266,294,550,5,5,5,'2024-03-28'),(267,296,552,5,4,4,'2024-05-07'),(268,298,554,5,3,3,'2025-01-01');

--
-- Table structure for table `staff`
--

DROP TABLE IF EXISTS `staff`;
CREATE TABLE `staff` (
  `StaffID` int NOT NULL AUTO_INCREMENT,
  `FirstName` varchar(50) DEFAULT NULL,
  `LastName` varchar(50) DEFAULT NULL,
  `Role` varchar(50) DEFAULT NULL,
  `DepartmentID` int DEFAULT NULL,
  `TypicalShift` varchar(20) DEFAULT NULL,
  `HireDate` date DEFAULT NULL,
  `EmploymentStatus` varchar(20) DEFAULT NULL,
  `VaxHBVStatus` varchar(20) DEFAULT NULL,
  `VaxTdapStatus` varchar(20) DEFAULT NULL,
  PRIMARY KEY (`StaffID`),
  KEY `DepartmentID` (`DepartmentID`),
  CONSTRAINT `staff_ibfk_1` FOREIGN KEY (`DepartmentID`) REFERENCES `departments` (`DepartmentID`)
) ENGINE=InnoDB AUTO_INCREMENT=423 DEFAULT CHARSET=utf8mb4 COLLATE=utf8mb4_0900_ai_ci;

--
-- Dumping data for table `staff`
--

INSERT INTO `staff` VALUES (1,'Brian','Davis','resident',1,'night','2018-01-31','active','incomplete','complete'),(2,'Barbara','Rodriguez','resident',12,'morning','2022-08-03','on leave','not immunized','complete'),(3,'William','Mitchell','resident',7,'morning','2015-05-03','active','complete','complete'),(4,'Linda','Moore','resident',9,'night','2015-04-19','on leave','complete','complete'),(5,'Jennifer','Baker','resident',7,'morning','2020-01-14','terminated','complete','incomplete'),(6,'Jessica','Smith','resident',13,'morning','2022-10-30','active','not immunized','complete'),(7,'Matthew','Lee','resident',3,'morning','2023-07-25','active','complete','complete'),(8,'Richard','Garcia','resident',7,'morning','2019-01-10','active','incomplete','complete'),(9,'Donna','Martin','resident',13,'morning','2023-03-08','active','complete','complete'),(10,'Ashley','Davis','resident',7,'morning','2021-03-11','active','complete','complete'),(11,'Deborah','Turner','resident',14,'evening','2021-06-22','active','complete','complete'),(12,'Jason','Jones','resident',1,'night','2017-07-22','active','complete','complete'),(13,'William','Moore','resident',14,'morning','2019-04-06','active','not immunized','complete'),(14,'Kenneth','Robinson','resident',3,'evening','2018-12-26','active','complete','incomplete'),(15,'Edward','Lee','resident',12,'night','2022-04-08','active','not immunized','complete'),(16,'Donna','Wilson','resident',9,'night','2017-09-29','active','complete','complete'),(17,'Kenneth','Walker','resident',5,'night','2022-09-19','on leave','complete','complete'),(18,'Barbara','Harris','resident',14,'morning','2017-07-27','active','complete','complete'),(19,'Amanda','Harris','resident',7,'evening','2015-09-29','active','complete','complete'),(20,'Cynthia','Carter','resident',12,'evening','2017-05-20','active','complete','not immunized'),(21,'Steven','Wright','resident',3,'evening','2016-07-25','active','complete','complete'),(22,'Ryan','Nelson','resident',9,'evening','2023-05-18','terminated','complete','complete'),(23,'Paul','Mitchell','resident',7,'evening','2017-06-17','active','complete','complete'),(24,'Margaret','Scott','resident',2,'morning','2024-08-28','active','complete','complete'),(25,'Christopher','Wilson','resident',13,'night','2019-09-26','terminated','not immunized','complete'),(26,'David','Walker','resident',7,'night','2020-04-01','on leave','complete','complete'),(27,'Susan','Nelson','resident',14,'morning','2022-08-18','active','incomplete','complete'),(28,'Ronald','Baker','resident',13,'evening','2023-08-15','active','complete','complete'),(29,'Joseph','Thompson','resident',7,'morning','2020-02-02','active','complete','complete'),(30,'Jeffrey','Martin','resident',9,'morning','2020-09-10','active','complete','complete'),(31,'Rebecca','White','resident',14,'night','2020-09-10','terminated','complete','complete'),(32,'Jennifer','Martinez','resident',6,'morning','2021-01-18','on leave','complete','complete'),(33,'Cynthia','Smith','resident',10,'evening','2020-06-24','active','complete','incomplete'),(34,'Joseph','Robinson','resident',14,'evening','2017-09-07','active','complete','complete'),(35,'Elizabeth','Carter','resident',2,'morning','2023-03-17','active','complete','not immunized'),(36,'Melissa','Jones','resident',13,'night','2023-08-03','active','complete','not immunized'),(37,'Thomas','Hill','resident',9,'morning','2017-12-21','on leave','complete','incomplete'),(38,'Rebecca','Roberts','resident',7,'morning','2025-06-01','on leave','complete','incomplete'),(39,'Jacob','Taylor','resident',12,'evening','2019-06-23','active','complete','complete'),(40,'Joshua','Adams','resident',8,'morning','2017-10-12','active','complete','complete'),(41,'David','Clark','resident',1,'night','2021-03-18','active','complete','complete'),(42,'Emily','Moore','resident',1,'morning','2022-12-09','active','incomplete','not immunized'),(43,'Barbara','Jones','resident',1,'evening','2015-10-18','on leave','incomplete','complete'),(44,'Elizabeth','Lee','resident',11,'evening','2017-05-27','on leave','complete','incomplete'),(45,'Thomas','Carter','resident',10,'evening','2017-09-22','active','complete','complete'),(46,'Amanda','Allen','resident',4,'morning','2016-02-02','active','complete','complete'),(47,'Anthony','Young','resident',7,'evening','2024-09-08','active','complete','complete'),(48,'Ronald','Miller','resident',1,'evening','2023-03-02','active','not immunized','complete'),(49,'Amanda','Miller','resident',4,'morning','2017-02-18','on leave','complete','complete'),(50,'Joshua','Rodriguez','resident',7,'morning','2018-02-14','active','complete','incomplete'),(51,'Elizabeth','Jones','resident',8,'night','2016-02-06','active','complete','complete'),(52,'George','Baker','resident',14,'morning','2016-01-18','active','incomplete','complete'),(53,'Mary','Allen','resident',8,'evening','2017-05-25','active','complete','complete'),(54,'Laura','Brown','resident',3,'evening','2015-01-09','active','complete','complete'),(55,'Susan','Wright','resident',5,'evening','2022-10-24','on leave','complete','not immunized'),(56,'Edward','Scott','resident',3,'morning','2018-04-30','active','incomplete','complete'),(57,'Michael','Mitchell','resident',12,'night','2015-09-07','active','complete','complete'),(58,'Michael','Brown','resident',10,'evening','2020-08-21','on leave','complete','complete'),(59,'Mary','Brown','resident',9,'morning','2024-07-19','active','incomplete','complete'),(60,'David','Roberts','resident',2,'night','2024-08-31','active','complete','complete'),(61,'Steven','Davis','resident',10,'morning','2021-06-29','terminated','complete','complete'),(62,'Robert','Turner','resident',2,'evening','2022-05-16','terminated','complete','complete'),(63,'Kimberly','Adams','resident',6,'evening','2017-04-16','active','complete','complete'),(64,'Elizabeth','Martin','resident',7,'morning','2022-07-14','active','complete','not immunized'),(65,'Kenneth','Harris','resident',13,'morning','2015-02-08','active','complete','complete'),(66,'Michelle','Carter','resident',2,'morning','2021-01-11','active','complete','not immunized'),(67,'Margaret','Martin','resident',3,'evening','2024-11-17','active','complete','complete'),(68,'Sharon','Jackson','resident',6,'evening','2016-10-08','active','complete','complete'),(69,'Deborah','Baker','resident',12,'evening','2021-11-10','on leave','complete','complete'),(70,'James','Nelson','resident',5,'night','2016-02-29','active','not immunized','not immunized'),(71,'Susan','Davis','resident',2,'night','2021-03-16','active','complete','complete'),(72,'Jessica','Thompson','resident',10,'morning','2023-01-18','active','complete','incomplete'),(73,'Linda','Martin','resident',9,'evening','2017-10-25','active','complete','complete'),(74,'William','Young','resident',14,'evening','2015-06-30','active','complete','complete'),(75,'Matthew','Rodriguez','resident',11,'evening','2016-10-23','active','not immunized','complete'),(76,'Dorothy','Young','resident',9,'morning','2016-04-03','active','incomplete','incomplete'),(77,'Sharon','Martinez','resident',9,'morning','2024-05-11','active','complete','complete'),(78,'Emily','Nelson','resident',3,'evening','2016-06-06','active','complete','complete'),(79,'Karen','Robinson','resident',13,'morning','2025-01-29','active','incomplete','complete'),(80,'Linda','Jackson','resident',11,'morning','2018-12-19','on leave','complete','incomplete'),(81,'Sharon','Allen','resident',10,'night','2016-09-25','active','complete','complete'),(82,'Rebecca','Wilson','resident',13,'morning','2024-11-19','active','incomplete','complete'),(83,'John','Anderson','resident',12,'evening','2023-10-10','active','complete','complete'),(84,'Amanda','Jackson','resident',5,'morning','2023-10-31','active','complete','complete'),(85,'Donald','Williams','resident',14,'evening','2017-06-30','active','complete','complete'),(86,'Melissa','Wright','resident',6,'evening','2024-03-14','active','complete','complete'),(87,'Barbara','Johnson','resident',11,'morning','2019-06-21','active','complete','complete'),(88,'Jessica','Jones','resident',13,'evening','2018-12-09','on leave','complete','incomplete'),(89,'Steven','Baker','resident',6,'morning','2016-04-17','active','complete','complete'),(90,'Patricia','Mitchell','resident',5,'morning','2016-03-20','terminated','complete','complete'),(91,'Paul','Lewis','resident',12,'evening','2019-11-23','terminated','complete','complete'),(92,'Margaret','Davis','resident',7,'night','2017-02-17','active','complete','complete'),(93,'Robert','Young','resident',1,'night','2025-05-19','on leave','complete','complete'),(94,'Ronald','Taylor','resident',6,'evening','2015-10-14','active','complete','complete'),(95,'Michelle','Harris','resident',11,'morning','2023-01-27','active','complete','complete'),(96,'Margaret','White','resident',11,'evening','2018-08-29','active','complete','complete'),(97,'Timothy','Thompson','resident',9,'morning','2017-02-24','active','incomplete','complete'),(98,'Edward','Walker','resident',11,'night','2025-02-14','active','complete','incomplete'),(99,'Michelle','Carter','resident',5,'evening','2021-02-22','active','complete','incomplete'),(100,'Karen','Thompson','resident',4,'evening','2023-10-24','terminated','incomplete','complete'),(101,'Donna','Harris','nurse',8,'evening','2019-12-17','active','complete','complete'),(102,'Margaret','Hill','nurse',13,'night','2016-11-26','active','complete','complete'),(103,'Sarah','Green','nurse',11,'night','2021-12-11','active','complete','incomplete'),(104,'William','Jackson','nurse',11,'evening','2017-07-09','active','complete','not immunized'),(105,'Christopher','Johnson','nurse',1,'morning','2020-04-30','terminated','complete','complete'),(106,'Stephanie','Jones','nurse',8,'evening','2024-12-08','terminated','not immunized','not immunized'),(107,'Jennifer','Walker','nurse',8,'evening','2017-09-26','active','complete','complete'),(108,'George','Smith','nurse',13,'morning','2023-09-24','active','incomplete','incomplete'),(109,'Barbara','Anderson','nurse',13,'night','2020-10-22','active','complete','not immunized'),(110,'Michael','Nelson','nurse',4,'morning','2020-02-13','active','complete','not immunized'),(111,'Amanda','Wright','nurse',11,'night','2021-04-08','terminated','complete','complete'),(112,'Daniel','King','nurse',10,'night','2025-01-01','on leave','complete','complete'),(113,'Paul','Nelson','nurse',8,'morning','2023-05-05','active','complete','complete'),(114,'Joshua','Martin','nurse',13,'morning','2024-06-02','active','complete','not immunized'),(115,'Gary','Adams','nurse',8,'night','2017-09-06','active','complete','complete'),(116,'Joshua','Jones','nurse',12,'evening','2017-08-18','active','complete','complete'),(117,'Matthew','Harris','nurse',9,'morning','2016-07-20','active','complete','complete'),(118,'Barbara','Walker','nurse',12,'morning','2022-12-03','active','complete','not immunized'),(119,'David','Allen','nurse',7,'evening','2021-01-31','active','incomplete','complete'),(120,'Andrew','Brown','nurse',4,'evening','2019-05-15','terminated','complete','complete'),(121,'Timothy','Johnson','nurse',14,'night','2019-04-08','active','complete','complete'),(122,'James','Lewis','nurse',5,'evening','2024-07-27','active','complete','not immunized'),(123,'Ashley','Baker','nurse',13,'night','2025-01-25','active','incomplete','not immunized'),(124,'Betty','Moore','nurse',5,'evening','2020-06-12','active','complete','complete'),(125,'Donald','Clark','nurse',11,'night','2023-12-14','active','complete','complete'),(126,'Jeffrey','Wilson','nurse',14,'evening','2025-04-24','active','complete','complete'),(127,'Michelle','Baker','nurse',1,'evening','2021-08-21','terminated','complete','complete'),(128,'Edward','Johnson','nurse',2,'night','2019-10-22','active','complete','complete'),(129,'Rebecca','Wright','nurse',3,'morning','2017-12-01','active','complete','complete'),(130,'Daniel','Thomas','nurse',8,'evening','2018-10-14','active','complete','not immunized'),(131,'Jessica','Allen','nurse',5,'morning','2020-04-10','active','complete','not immunized'),(132,'Ryan','Baker','nurse',1,'evening','2017-07-07','active','incomplete','complete'),(133,'Gary','Williams','nurse',13,'morning','2017-10-09','active','complete','complete'),(134,'Deborah','Johnson','nurse',10,'morning','2017-09-04','active','complete','complete'),(135,'Nancy','Davis','nurse',10,'morning','2020-03-19','active','complete','complete'),(136,'Gary','Robinson','nurse',3,'night','2021-10-23','active','incomplete','complete'),(137,'Gary','Wilson','nurse',5,'morning','2021-06-28','active','complete','complete'),(138,'Angela','White','nurse',10,'night','2025-03-08','active','not immunized','complete'),(139,'Steven','Taylor','nurse',2,'night','2022-09-29','active','incomplete','complete'),(140,'Richard','White','nurse',14,'night','2021-09-25','active','complete','not immunized'),(141,'Carol','Carter','nurse',13,'morning','2018-11-23','on leave','complete','complete'),(142,'Paul','Robinson','nurse',2,'night','2022-04-06','active','complete','complete'),(143,'James','Allen','nurse',14,'evening','2016-03-08','active','complete','complete'),(144,'Mark','Wright','nurse',12,'morning','2019-11-19','active','complete','complete'),(145,'Jeffrey','Adams','nurse',11,'evening','2021-11-27','on leave','complete','complete'),(146,'Gary','Hill','nurse',8,'evening','2024-04-05','terminated','complete','complete'),(147,'Jessica','Harris','nurse',14,'morning','2024-04-25','active','not immunized','not immunized'),(148,'Jessica','King','nurse',4,'evening','2021-05-23','terminated','incomplete','incomplete'),(149,'Edward','Walker','nurse',6,'morning','2020-07-17','active','complete','complete'),(150,'Patricia','Scott','nurse',4,'evening','2023-12-12','active','complete','complete'),(151,'Matthew','Lee','nurse',10,'night','2024-11-13','active','complete','complete'),(152,'Dorothy','Smith','nurse',9,'morning','2015-12-17','active','incomplete','complete'),(153,'Jeffrey','Allen','nurse',8,'night','2023-07-03','active','complete','incomplete'),(154,'Timothy','Hill','nurse',11,'night','2020-07-03','active','complete','complete'),(155,'Carol','Johnson','nurse',2,'evening','2017-06-26','active','complete','complete'),(156,'Timothy','Jackson','nurse',5,'night','2021-07-10','active','not immunized','complete'),(157,'Nancy','Nelson','nurse',9,'evening','2019-10-09','on leave','complete','not immunized'),(158,'Matthew','Lewis','nurse',12,'evening','2018-01-14','active','complete','complete'),(159,'Susan','Moore','nurse',2,'night','2017-02-27','active','complete','complete'),(160,'Joseph','Baker','nurse',13,'night','2017-01-28','active','complete','incomplete'),(161,'Linda','Hill','nurse',5,'night','2021-08-11','on leave','incomplete','incomplete'),(162,'Donna','Thompson','nurse',2,'morning','2018-04-28','active','complete','not immunized'),(163,'Mark','Anderson','nurse',5,'morning','2022-12-10','on leave','complete','complete'),(164,'Thomas','Lee','nurse',1,'morning','2021-03-16','active','complete','complete'),(165,'Timothy','Rodriguez','nurse',11,'evening','2016-02-25','active','complete','complete'),(166,'Kimberly','Thompson','nurse',8,'evening','2019-12-10','active','not immunized','complete'),(167,'Patricia','Brown','nurse',5,'evening','2016-04-12','active','complete','complete'),(168,'Steven','Scott','nurse',2,'night','2022-01-22','active','not immunized','complete'),(169,'Christopher','Martinez','nurse',13,'night','2018-05-29','active','incomplete','complete'),(170,'Elizabeth','Davis','nurse',9,'evening','2021-10-19','terminated','complete','complete'),(171,'Carol','Turner','nurse',4,'night','2019-04-08','active','complete','complete'),(172,'Cynthia','King','nurse',5,'night','2019-10-23','active','incomplete','not immunized'),(173,'Kimberly','Turner','nurse',1,'night','2023-04-20','active','not immunized','complete'),(174,'Jacob','Thomas','nurse',11,'morning','2017-12-19','active','complete','complete'),(175,'Mary','Jackson','nurse',3,'night','2015-11-04','active','complete','complete'),(176,'James','Allen','nurse',8,'night','2021-08-29','active','complete','complete'),(177,'Sarah','Williams','nurse',4,'evening','2022-12-05','active','complete','complete'),(178,'Timothy','Wright','nurse',2,'night','2017-08-14','active','complete','not immunized'),(179,'Carol','Mitchell','nurse',11,'morning','2019-10-08','active','incomplete','complete'),(180,'Ashley','Moore','nurse',11,'morning','2025-03-09','active','complete','complete'),(181,'Melissa','Martinez','nurse',2,'morning','2016-11-10','active','incomplete','complete'),(182,'Donna','Carter','nurse',5,'evening','2016-05-24','active','complete','incomplete'),(183,'Timothy','White','nurse',12,'evening','2018-01-20','on leave','complete','complete'),(184,'Ashley','Scott','nurse',8,'morning','2021-09-15','active','complete','complete'),(185,'Sharon','Young','nurse',12,'evening','2021-10-08','active','complete','complete'),(186,'John','Garcia','nurse',4,'night','2024-05-17','terminated','complete','complete'),(187,'Emily','Johnson','nurse',13,'night','2024-03-18','active','incomplete','complete'),(188,'Kimberly','Williams','nurse',13,'morning','2020-04-11','on leave','complete','complete'),(189,'George','King','nurse',5,'morning','2021-07-25','active','not immunized','complete'),(190,'Brian','Scott','nurse',2,'evening','2018-11-26','active','incomplete','not immunized'),(191,'Matthew','Harris','nurse',11,'morning','2024-08-14','active','complete','complete'),(192,'Matthew','Allen','nurse',12,'evening','2018-03-26','active','complete','complete'),(193,'Melissa','Nelson','nurse',1,'evening','2015-12-27','active','complete','complete'),(194,'Susan','Harris','nurse',2,'evening','2024-09-12','on leave','not immunized','not immunized'),(195,'Melissa','Smith','nurse',11,'night','2020-03-07','active','not immunized','complete'),(196,'Michael','Taylor','nurse',9,'evening','2021-12-25','active','complete','complete'),(197,'Brian','King','nurse',13,'morning','2017-04-13','active','complete','complete'),(198,'Dorothy','Rodriguez','nurse',5,'evening','2024-11-16','active','complete','complete'),(199,'Joseph','Johnson','nurse',11,'night','2023-12-18','active','complete','complete'),(200,'Jason','Wilson','nurse',5,'night','2015-02-26','on leave','complete','incomplete'),(201,'Andrew','Garcia','nurse',4,'morning','2020-03-05','active','complete','complete'),(202,'George','Martinez','nurse',8,'night','2018-04-10','on leave','complete','complete'),(203,'Jason','Lee','nurse',7,'evening','2020-04-18','active','complete','complete'),(204,'Kenneth','Nelson','nurse',3,'evening','2017-02-19','terminated','incomplete','not immunized'),(205,'Margaret','Rodriguez','nurse',14,'morning','2018-02-05','active','complete','complete'),(206,'Matthew','Green','nurse',5,'morning','2018-03-04','active','complete','incomplete'),(207,'Deborah','Mitchell','nurse',10,'night','2020-06-28','active','complete','complete'),(208,'Joshua','Baker','nurse',8,'evening','2018-09-23','on leave','complete','complete'),(209,'Jacob','Baker','nurse',7,'evening','2018-08-11','active','not immunized','complete'),(210,'Timothy','Jackson','nurse',10,'evening','2017-08-14','active','complete','not immunized'),(211,'Robert','Harris','nurse',12,'evening','2022-11-28','active','not immunized','complete'),(212,'Donald','Martinez','nurse',8,'morning','2016-06-01','on leave','complete','complete'),(213,'Emily','Clark','nurse',14,'morning','2024-10-20','active','complete','complete'),(214,'Richard','Adams','nurse',8,'morning','2023-02-07','active','complete','complete'),(215,'Andrew','Martinez','nurse',2,'evening','2023-10-07','active','complete','complete'),(216,'Matthew','Turner','nurse',12,'evening','2022-04-15','active','complete','complete'),(217,'Stephanie','Clark','nurse',14,'night','2024-08-20','on leave','not immunized','complete'),(218,'Donald','Harris','nurse',11,'night','2024-12-13','active','incomplete','not immunized'),(219,'Rebecca','Baker','nurse',1,'night','2015-10-08','active','not immunized','not immunized'),(220,'Brian','Thompson','nurse',4,'night','2016-01-06','active','complete','complete'),(221,'Richard','Miller','nurse',8,'morning','2022-10-13','active','complete','complete'),(222,'Laura','Johnson','nurse',1,'evening','2023-12-06','active','complete','incomplete'),(223,'Sarah','Lewis','nurse',6,'evening','2016-08-19','active','complete','complete'),(224,'Sandra','Allen','nurse',10,'night','2023-11-21','active','complete','complete'),(225,'Mary','Anderson','nurse',2,'night','2024-10-06','active','complete','complete'),(226,'Michelle','Jackson','nurse',8,'night','2016-08-09','active','not immunized','complete'),(227,'Kenneth','Martin','nurse',8,'evening','2022-06-24','active','complete','complete'),(228,'Laura','Wright','nurse',5,'night','2021-02-16','active','complete','complete'),(229,'David','King','nurse',6,'night','2018-05-10','active','not immunized','incomplete'),(230,'Timothy','Martin','nurse',8,'evening','2017-03-26','active','complete','complete'),(231,'Stephanie','Hill','nurse',2,'morning','2019-04-12','terminated','complete','not immunized'),(232,'Anthony','Carter','nurse',5,'night','2018-04-24','active','complete','complete'),(233,'Deborah','Hall','nurse',5,'morning','2021-05-07','active','complete','complete'),(234,'Cynthia','Roberts','nurse',12,'evening','2024-05-04','active','complete','complete'),(235,'Gary','Moore','nurse',10,'evening','2017-06-16','active','complete','complete'),(236,'Michelle','Martin','nurse',11,'night','2023-08-10','active','complete','complete'),(237,'Brian','Miller','nurse',11,'night','2015-06-11','active','complete','complete'),(238,'Carol','King','nurse',1,'night','2019-02-03','active','incomplete','complete'),(239,'William','Thompson','nurse',6,'night','2019-08-29','active','complete','complete'),(240,'Jennifer','Rodriguez','nurse',13,'night','2024-10-29','active','complete','complete'),(241,'Sandra','Green','nurse',5,'morning','2017-11-18','active','complete','complete'),(242,'Amanda','Thompson','nurse',12,'evening','2024-01-08','active','complete','not immunized'),(243,'Kenneth','Jones','nurse',3,'morning','2024-08-24','active','not immunized','complete'),(244,'Stephanie','Nelson','nurse',6,'morning','2023-11-13','active','complete','complete'),(245,'James','Martin','nurse',9,'morning','2020-02-06','active','complete','complete'),(246,'Ronald','Martin','nurse',10,'evening','2024-03-22','active','complete','complete'),(247,'Richard','Moore','nurse',8,'morning','2021-12-12','on leave','complete','complete'),(248,'Daniel','Turner','nurse',4,'night','2015-09-16','active','incomplete','not immunized'),(249,'Cynthia','White','nurse',11,'evening','2016-04-22','active','complete','complete'),(250,'Robert','Williams','nurse',5,'evening','2016-04-20','active','complete','not immunized'),(251,'Sharon','Baker','specialist',1,'morning','2019-05-11','active','not immunized','not immunized'),(252,'Edward','Baker','specialist',2,'evening','2021-08-02','active','complete','complete'),(253,'Sharon','Allen','specialist',2,'morning','2024-05-07','active','complete','complete'),(254,'Jessica','Williams','specialist',3,'evening','2017-06-08','active','complete','complete'),(255,'Joshua','Jackson','specialist',3,'evening','2016-02-11','active','complete','complete'),(256,'Michael','Hall','specialist',4,'evening','2017-02-16','active','complete','complete'),(257,'Stephanie','Wright','specialist',4,'morning','2022-06-07','active','incomplete','not immunized'),(258,'Michael','Clark','specialist',5,'morning','2016-05-30','terminated','complete','complete'),(259,'David','Nelson','specialist',6,'morning','2021-07-29','active','complete','complete'),(260,'Matthew','Martinez','specialist',7,'morning','2018-02-09','active','incomplete','complete'),(261,'Ashley','Martin','specialist',8,'morning','2016-03-26','active','complete','complete'),(262,'James','Lewis','specialist',9,'morning','2021-08-08','active','complete','complete'),(263,'Patricia','Martin','specialist',10,'morning','2016-06-03','active','complete','complete'),(264,'Ryan','Jones','specialist',11,'evening','2020-01-11','active','complete','complete'),(265,'Joshua','Green','specialist',12,'morning','2021-11-24','active','complete','complete'),(266,'Kenneth','Johnson','specialist',13,'morning','2020-05-15','active','complete','complete'),(267,'Paul','Miller','specialist',13,'evening','2022-12-27','active','not immunized','complete'),(268,'Laura','Garcia','specialist',14,'evening','2021-10-27','active','incomplete','complete'),(269,'David','Rodriguez','consultant',5,'morning','2022-01-01','terminated','complete','complete'),(270,'Dorothy','Harris','consultant',7,'morning','2021-09-12','on leave','complete','complete'),(271,'Sarah','Wright','consultant',9,'morning','2021-10-15','active','complete','complete'),(272,'Richard','Davis','consultant',14,'morning','2022-05-05','on leave','complete','complete'),(273,'Jeffrey','Thomas','consultant',7,'morning','2020-01-24','active','complete','not immunized'),(274,'Andrew','Clark','consultant',14,'morning','2020-02-01','active','complete','complete'),(275,'Andrew','Miller','consultant',6,'morning','2019-10-15','active','not immunized','complete'),(276,'Edward','Martin','consultant',6,'morning','2016-09-17','active','complete','complete'),(277,'David','Garcia','consultant',14,'morning','2015-12-16','active','complete','complete'),(278,'Paul','Miller','consultant',12,'morning','2023-04-15','active','complete','complete'),(279,'Amanda','Rodriguez','consultant',9,'morning','2015-09-03','terminated','incomplete','complete'),(280,'Dorothy','Nelson','consultant',6,'morning','2022-07-07','active','incomplete','complete'),(281,'Andrew','Lewis','pharmacist',15,'night','2023-06-01','active','complete','complete'),(282,'Rebecca','Brown','pharmacist',15,'evening','2021-09-25','active','not immunized','complete'),(283,'Anthony','Miller','pharmacist',15,'night','2020-09-09','active','complete','complete'),(284,'Christopher','Hill','pharmacist',15,'morning','2024-07-02','active','complete','complete'),(285,'Anthony','Nelson','pharmacist',15,'evening','2016-04-15','active','not immunized','complete'),(286,'Kimberly','Moore','pharmacist',15,'evening','2024-06-23','on leave','incomplete','not immunized'),(287,'Gary','Turner','pharmacist',15,'night','2022-07-27','on leave','not immunized','complete'),(288,'John','Roberts','pharmacist',15,'night','2024-04-20','active','complete','incomplete'),(289,'John','Anderson','pharmacist',15,'evening','2022-11-18','active','complete','complete'),(290,'Cynthia','Clark','pharmacist',15,'evening','2015-01-26','active','complete','incomplete'),(291,'Rebecca','Martinez','pharmacist',15,'night','2022-05-16','active','complete','complete'),(292,'David','Martinez','pharmacist',15,'night','2022-02-06','active','complete','complete'),(293,'William','Adams','pharmacist',15,'morning','2019-03-21','active','complete','incomplete'),(294,'Kenneth','Clark','pharmacist',15,'morning','2019-02-24','active','complete','complete'),(295,'Jeffrey','Harris','pharmacist',15,'night','2021-09-08','active','not immunized','complete'),(296,'Sharon','Brown','pharmacist',15,'morning','2016-10-06','terminated','complete','complete'),(297,'Michael','Garcia','pharmacist',15,'evening','2019-12-20','active','complete','complete'),(298,'Betty','Roberts','pharmacist',15,'evening','2019-08-24','active','complete','complete'),(299,'Linda','Green','pharmacist',15,'morning','2018-11-14','active','complete','complete'),(300,'Joseph','Thompson','pharmacist',15,'night','2022-08-11','terminated','complete','complete'),(301,'Betty','Adams','pharmacist',15,'night','2018-06-17','active','complete','complete'),(302,'Barbara','Hall','pharmacist',15,'night','2015-08-13','active','complete','incomplete'),(303,'Linda','White','pharmacist',15,'morning','2023-08-10','active','complete','complete'),(304,'Jacob','Martin','pharmacist',15,'evening','2018-09-05','active','incomplete','complete'),(305,'James','Scott','pharmacist',15,'night','2019-10-30','active','complete','complete'),(306,'Thomas','Walker','pharmacist',15,'night','2022-11-22','active','complete','complete'),(307,'Margaret','Nelson','pharmacist',15,'night','2024-01-16','active','complete','incomplete'),(308,'David','Hall','pharmacist',15,'night','2015-06-23','active','complete','complete'),(309,'John','Wright','pharmacist',15,'morning','2024-09-01','active','incomplete','complete'),(310,'Kimberly','Young','pharmacist',15,'night','2019-07-15','active','complete','complete'),(311,'Sarah','Davis','pharmacist',15,'evening','2015-03-27','active','complete','complete'),(312,'Mary','Turner','pharmacist',15,'evening','2024-04-30','active','complete','incomplete'),(313,'William','Young','pharmacist',15,'morning','2017-09-23','active','complete','complete'),(314,'Emily','Hall','pharmacist',15,'night','2015-11-19','active','complete','complete'),(315,'Rebecca','White','pharmacist',15,'night','2018-10-22','active','complete','complete'),(316,'Matthew','Wilson','pharmacist',15,'morning','2020-09-21','active','complete','not immunized'),(317,'Sandra','Green','pharmacist',15,'morning','2025-02-27','active','complete','complete'),(318,'Anthony','Martinez','security',18,'morning','2016-02-26','active','complete','complete'),(319,'Susan','Taylor','security',18,'morning','2021-10-03','active','incomplete','not immunized'),(320,'Jacob','Jones','security',18,'morning','2023-09-01','active','incomplete','complete'),(321,'Kenneth','Carter','security',18,'night','2020-01-13','terminated','not immunized','complete'),(322,'George','Turner','security',18,'evening','2024-09-09','active','incomplete','complete'),(323,'Christopher','King','security',18,'morning','2020-04-04','active','complete','not immunized'),(324,'Brian','White','security',18,'evening','2021-08-19','active','complete','incomplete'),(325,'Anthony','Green','security',18,'morning','2018-06-25','active','complete','not immunized'),(326,'Joshua','Williams','security',18,'morning','2019-02-19','active','complete','incomplete'),(327,'David','Garcia','security',18,'night','2021-08-30','on leave','complete','not immunized'),(328,'Donald','Wright','security',18,'night','2021-03-20','active','complete','complete'),(329,'Joshua','Carter','security',18,'night','2017-02-10','active','complete','complete'),(330,'Donna','Hill','security',18,'night','2016-09-09','active','complete','complete'),(331,'Joshua','Miller','security',18,'evening','2023-01-04','active','complete','not immunized'),(332,'Margaret','Anderson','security',18,'morning','2017-10-11','active','incomplete','not immunized'),(333,'Joshua','Adams','security',18,'night','2021-11-02','active','complete','complete'),(334,'Mark','Robinson','security',18,'evening','2019-05-06','active','complete','complete'),(335,'Gary','Clark','security',18,'night','2021-09-14','active','complete','complete'),(336,'Carol','Clark','security',18,'morning','2018-09-12','active','complete','incomplete'),(337,'Dorothy','Walker','security',18,'evening','2017-10-29','terminated','complete','complete'),(338,'Rebecca','Martinez','cook',16,'evening','2015-11-30','terminated','complete','complete'),(339,'Edward','Martinez','cook',16,'evening','2018-06-24','active','complete','not immunized'),(340,'Thomas','Roberts','cook',16,'night','2015-12-14','active','complete','complete'),(341,'Dorothy','Walker','cook',16,'night','2023-11-17','active','complete','incomplete'),(342,'Melissa','Rodriguez','cook',16,'night','2022-11-18','on leave','incomplete','complete'),(343,'William','Young','cook',16,'night','2019-01-22','active','not immunized','complete'),(344,'Mark','White','cook',16,'morning','2017-05-27','active','complete','complete'),(345,'Gary','Scott','cook',16,'morning','2017-07-16','active','complete','complete'),(346,'Christopher','Jones','cook',16,'evening','2024-06-20','active','complete','complete'),(347,'Margaret','Baker','cook',16,'night','2024-11-28','on leave','incomplete','complete'),(348,'Robert','Clark','cook',16,'night','2016-06-20','terminated','complete','complete'),(349,'Donald','Martinez','cook',16,'morning','2017-01-10','terminated','complete','complete'),(350,'Amanda','Wilson','cook',16,'night','2019-11-28','active','complete','incomplete'),(351,'Andrew','Robinson','cook',16,'night','2023-01-26','active','complete','complete'),(352,'Joshua','Turner','cook',16,'evening','2023-06-09','active','not immunized','complete'),(353,'Barbara','Baker','cook',16,'morning','2018-06-21','active','complete','complete'),(354,'Laura','Taylor','cook',16,'evening','2022-08-10','terminated','complete','complete'),(355,'Joshua','Wright','cook',16,'evening','2023-09-23','active','incomplete','complete'),(356,'Margaret','Adams','cook',16,'evening','2016-10-25','active','complete','complete'),(357,'Amanda','Roberts','cook',16,'morning','2024-10-15','active','incomplete','not immunized'),(358,'Michael','Hill','technician',13,'night','2016-02-25','on leave','complete','complete'),(359,'Stephanie','Davis','technician',13,'morning','2023-07-23','active','not immunized','complete'),(360,'Jessica','King','technician',19,'morning','2024-04-26','active','complete','complete'),(361,'William','Moore','technician',13,'evening','2015-04-20','active','complete','complete'),(362,'Michael','Hall','technician',19,'evening','2017-08-23','active','complete','complete'),(363,'William','Robinson','technician',14,'morning','2018-07-29','active','complete','incomplete'),(364,'Deborah','Clark','technician',14,'morning','2015-06-06','active','complete','incomplete'),(365,'Cynthia','Hill','technician',19,'morning','2023-07-06','active','complete','complete'),(366,'Joshua','Turner','technician',14,'morning','2015-03-19','active','complete','incomplete'),(367,'Linda','Martinez','technician',19,'night','2021-10-29','on leave','incomplete','complete'),(368,'Paul','Davis','technician',13,'morning','2018-05-18','active','complete','complete'),(369,'Michael','Jackson','technician',13,'night','2023-11-26','terminated','not immunized','complete'),(370,'Kenneth','Jones','technician',14,'evening','2021-09-10','on leave','complete','complete'),(371,'John','Green','technician',19,'morning','2023-01-22','active','complete','not immunized'),(372,'Sarah','Young','technician',14,'night','2018-12-16','active','complete','complete'),(373,'Kimberly','Allen','technician',14,'night','2022-06-30','active','complete','complete'),(374,'Sandra','Robinson','technician',14,'night','2021-02-06','on leave','complete','not immunized'),(375,'Carol','Green','technician',19,'morning','2019-05-19','active','incomplete','complete'),(376,'Robert','Walker','technician',13,'evening','2023-05-20','active','complete','complete'),(377,'Anthony','Jones','technician',13,'morning','2023-03-22','active','complete','complete'),(378,'Gary','Mitchell','technician',19,'evening','2016-06-30','active','complete','complete'),(379,'Anthony','Baker','technician',13,'night','2016-12-18','active','not immunized','not immunized'),(380,'Timothy','Hill','technician',19,'morning','2024-02-06','active','complete','complete'),(381,'David','Wright','technician',14,'evening','2017-04-05','active','complete','not immunized'),(382,'Carol','Taylor','technician',14,'evening','2018-06-24','on leave','complete','complete'),(383,'Steven','Baker','technician',13,'evening','2015-05-30','active','complete','incomplete'),(384,'Sarah','Lewis','technician',14,'night','2018-09-21','active','incomplete','complete'),(385,'Joseph','Robinson','maintenance',19,'evening','2024-12-22','active','complete','incomplete'),(386,'Ryan','King','maintenance',19,'evening','2018-10-20','active','incomplete','complete'),(387,'Betty','Scott','maintenance',19,'evening','2025-05-13','on leave','complete','complete'),(388,'Jessica','Garcia','maintenance',19,'night','2019-10-05','active','complete','complete'),(389,'Paul','Roberts','maintenance',19,'morning','2021-02-12','active','complete','complete'),(390,'Daniel','Miller','maintenance',19,'morning','2018-09-05','active','complete','complete'),(391,'Karen','King','maintenance',19,'night','2023-01-18','active','not immunized','complete'),(392,'Mary','King','maintenance',19,'evening','2020-01-06','active','complete','complete'),(393,'Jeffrey','Lewis','maintenance',19,'night','2019-11-17','active','not immunized','complete'),(394,'Brian','Brown','maintenance',19,'morning','2022-07-12','active','complete','complete'),(395,'Mark','Green','administrative',17,'morning','2023-12-26','active','not immunized','not immunized'),(396,'John','Martinez','administrative',17,'morning','2024-07-08','terminated','complete','complete'),(397,'Ronald','King','administrative',17,'morning','2015-05-23','active','complete','complete'),(398,'David','Jackson','administrative',17,'morning','2023-09-24','active','complete','complete'),(399,'Mark','Walker','administrative',17,'morning','2021-05-12','active','complete','complete'),(400,'Donna','Martinez','administrative',17,'morning','2022-08-13','active','complete','complete'),(401,'Mark','Robinson','administrative',17,'morning','2019-12-24','active','complete','complete'),(402,'Kimberly','Rodriguez','administrative',17,'morning','2020-12-08','active','complete','complete'),(403,'Steven','Harris','administrative',17,'morning','2022-04-14','active','complete','complete'),(404,'Elizabeth','Davis','administrative',17,'morning','2015-04-17','active','complete','complete'),(405,'Betty','Adams','administrative',17,'morning','2019-05-05','on leave','complete','complete'),(406,'Joseph','Martin','administrative',17,'morning','2023-09-10','active','complete','not immunized'),(407,'Jason','King','administrative',17,'morning','2017-05-28','terminated','complete','complete'),(408,'Sarah','Scott','administrative',17,'morning','2017-03-30','active','complete','complete'),(409,'Thomas','Jones','administrative',17,'morning','2020-01-26','active','complete','complete'),(410,'Laura','King','medical records',22,'morning','2024-02-02','active','complete','complete'),(411,'Edward','Lewis','medical records',22,'morning','2021-03-02','on leave','incomplete','not immunized'),(412,'Sarah','White','medical records',22,'morning','2022-12-25','active','complete','complete'),(413,'Carol','Robinson','medical records',22,'morning','2016-05-12','active','complete','incomplete'),(414,'Carol','Rodriguez','medical records',22,'morning','2023-11-12','active','complete','complete'),(415,'John','Robinson','laundry',21,'night','2021-06-02','active','complete','complete'),(416,'Kenneth','Nelson','laundry',21,'morning','2021-11-11','active','complete','complete'),(417,'David','White','laundry',21,'evening','2023-01-15','active','complete','complete'),(418,'Sandra','Allen','laundry',21,'evening','2024-03-26','terminated','complete','complete'),(419,'David','Rodriguez','laundry',21,'evening','2022-03-16','active','complete','complete'),(420,'Joshua','Wright','infection control',20,'morning','2022-08-17','on leave','complete','complete'),(421,'Anthony','Rodriguez','infection control',20,'morning','2024-11-05','on leave','complete','complete'),(422,'Brian','Mitchell','infection control',20,'morning','2017-01-15','active','complete','incomplete');

--
-- Table structure for table `supplies`
--

DROP TABLE IF EXISTS `supplies`;
CREATE TABLE `supplies` (
  `SupplyID` int NOT NULL AUTO_INCREMENT,
  `SupplyName` varchar(100) DEFAULT NULL,
  `Category` varchar(50) DEFAULT NULL,
  `DepartmentID` int DEFAULT NULL,
  `StockLevel` int DEFAULT NULL,
  `ReorderThreshold` int DEFAULT NULL,
  `ExpirationDate` date DEFAULT NULL,
  `UnitCost` float DEFAULT NULL,
  `UnitOfMeasure` varchar(20) DEFAULT NULL,
  `ControlledItem` tinyint(1) DEFAULT '0',
  `UnitsConsumedLast30Days` int DEFAULT NULL,
  `LastUsageUpdate` date DEFAULT NULL,
  PRIMARY KEY (`SupplyID`),
  UNIQUE KEY `uq_supplies_department_item` (`DepartmentID`,`SupplyName`),
  CONSTRAINT `supplies_ibfk_1` FOREIGN KEY (`DepartmentID`) REFERENCES `departments` (`DepartmentID`)
) ENGINE=InnoDB AUTO_INCREMENT=512 DEFAULT CHARSET=utf8mb4 COLLATE=utf8mb4_0900_ai_ci;

--
-- Dumping data for table `supplies`
--

INSERT INTO `supplies` VALUES (1,'Amoxicillin 500mg','medication',15,226,34,'2026-12-26',15.19,'box',0,81,'2026-03-13'),(2,'Azithromycin 250mg','medication',15,137,25,'2024-10-15',19.12,'box',0,41,'2026-03-13'),(3,'Ciprofloxacin 500mg','medication',15,148,34,'2025-11-26',17.27,'box',0,34,'2026-03-13'),(4,'Metronidazole 500mg','medication',15,295,15,'2026-03-01',12.49,'box',0,104,'2026-03-13'),(5,'Ceftriaxone 1g','medication',15,235,49,'2026-09-30',5.81,'box',0,65,'2026-03-13'),(6,'Amoxicillin/Clavulanate 625mg','medication',15,481,33,'2026-09-21',10.01,'box',0,208,'2026-03-13'),(7,'Doxycycline 100mg','medication',15,369,23,'2026-10-19',11.81,'box',0,83,'2026-03-13'),(8,'Clindamycin 300mg','medication',15,111,46,'2026-06-07',2.53,'box',0,25,'2026-03-13'),(9,'Ibuprofen 400mg','medication',15,386,43,'2026-04-25',19.47,'box',0,101,'2026-03-13'),(10,'Paracetamol 500mg','medication',15,260,30,'2026-05-11',1.54,'box',0,111,'2026-03-13'),(11,'Diclofenac 50mg','medication',15,305,10,'2026-06-12',5.49,'box',0,79,'2026-03-13'),(12,'Omeprazole 20mg','medication',15,497,44,'2026-11-29',11.82,'box',0,204,'2026-03-13'),(13,'Ranitidine 150mg','medication',15,480,22,'2026-09-10',11.84,'box',0,229,'2026-03-13'),(14,'Metformin 500mg','medication',15,46,32,'2024-10-11',5.79,'box',0,16,'2026-03-13'),(15,'Glibenclamide 5mg','medication',15,491,20,'2026-07-06',19.9,'box',0,222,'2026-03-13'),(16,'Amlodipine 5mg','medication',15,324,21,'2026-05-15',16.68,'box',0,128,'2026-03-13'),(17,'Atenolol 50mg','medication',15,38,17,'2026-08-14',4.69,'box',0,15,'2026-03-13'),(18,'Lisinopril 10mg','medication',15,370,36,'2024-08-23',23.45,'box',0,152,'2026-03-13'),(19,'Furosemide 40mg','medication',15,343,15,'2026-07-09',8.09,'box',0,104,'2026-03-13'),(20,'Hydrochlorothiazide 25mg','medication',15,22,34,'2025-05-04',3.83,'box',0,8,'2026-03-13'),(21,'Salbutamol Inhaler','medication',15,227,22,'2026-12-09',19.79,'box',0,47,'2026-03-13'),(22,'Budesonide Inhaler','medication',15,48,50,'2026-04-26',11.35,'box',0,14,'2026-03-13'),(23,'Prednisolone 5mg','medication',15,299,35,'2026-09-23',19.21,'box',0,102,'2026-03-13'),(24,'Dexamethasone 4mg','medication',15,201,40,'2026-09-19',3.71,'box',0,65,'2026-03-13'),(25,'Hydrocortisone 100mg','medication',15,462,48,'2026-08-07',18.81,'box',0,186,'2026-03-13'),(26,'Metoclopramide 10mg','medication',15,331,36,'2026-12-02',2.86,'box',0,80,'2026-03-13'),(27,'Ondansetron 4mg','medication',15,93,28,'2027-03-02',24.78,'box',0,37,'2026-03-13'),(28,'Loperamide 2mg','medication',15,229,19,'2026-05-29',22.07,'box',0,108,'2026-03-13'),(29,'Cetirizine 10mg','medication',15,183,41,'2026-08-27',6.23,'box',0,66,'2026-03-13'),(30,'Chlorpheniramine 4mg','medication',15,151,17,'2026-10-27',20.65,'box',0,73,'2026-03-13'),(31,'Ferrous Sulfate 200mg','medication',15,115,14,'2027-02-19',7.55,'box',0,30,'2026-03-13'),(32,'Folic Acid 5mg','medication',15,319,13,'2026-09-29',5.8,'box',0,81,'2026-03-13'),(33,'Vitamin B Complex','medication',15,224,31,'2026-09-21',20.4,'box',0,62,'2026-03-13'),(34,'Vitamin C 500mg','medication',15,217,36,'2026-09-12',9.59,'box',0,94,'2026-03-13'),(35,'Calcium Carbonate 500mg','medication',15,67,21,'2026-11-18',1.42,'box',0,15,'2026-03-13'),(36,'Nifedipine 20mg','medication',15,210,35,'2026-07-30',11.38,'box',0,52,'2026-03-13'),(37,'Methyldopa 250mg','medication',15,179,24,'2026-04-01',18.14,'box',0,64,'2026-03-13'),(38,'Magnesium Sulfate','medication',15,74,30,'2026-07-11',19.22,'box',0,18,'2026-03-13'),(39,'Oxytocin 10IU','medication',15,384,25,'2025-06-28',26.2,'box',0,107,'2026-03-13'),(40,'Misoprostol 200mcg','medication',15,404,15,'2026-11-21',21.38,'box',0,176,'2026-03-13'),(41,'Morphine 10mg','controlled medication',15,21,4,'2025-10-29',26.98,'box',1,5,'2026-03-13'),(42,'Tramadol 50mg','controlled medication',15,48,8,'2026-08-17',40.78,'box',1,16,'2026-03-13'),(43,'Pethidine 50mg','controlled medication',15,13,7,'2026-04-22',71.12,'box',1,6,'2026-03-13'),(44,'Diazepam 5mg','controlled medication',15,31,13,'2026-09-25',50.83,'box',1,6,'2026-03-13'),(45,'Midazolam 5mg','controlled medication',15,23,9,'2026-04-26',55.88,'box',1,7,'2026-03-13'),(46,'Ketamine 500mg','controlled medication',15,44,13,'2026-06-02',38,'box',1,20,'2026-03-13'),(47,'Propofol 200mg','controlled medication',15,29,8,'2026-11-26',19.82,'box',1,8,'2026-03-13'),(48,'Fentanyl 100mcg','controlled medication',15,5,13,'2025-05-30',57.08,'box',1,2,'2026-03-13'),(49,'Phenobarbital 30mg','controlled medication',15,17,13,'2026-04-15',17.87,'box',1,5,'2026-03-13'),(50,'Codeine Phosphate 30mg','controlled medication',15,45,7,'2026-04-04',36.25,'box',1,11,'2026-03-13'),(51,'Epinephrine 1mg','medication',1,100,12,'2026-09-30',43.3,'box',0,43,'2026-03-13'),(52,'Atropine 1mg','medication',1,54,17,'2026-09-30',7.39,'box',0,16,'2026-03-13'),(53,'Amiodarone 150mg','medication',1,78,11,'2026-09-30',27.06,'box',0,28,'2026-03-13'),(54,'Adenosine 6mg','medication',1,96,10,'2026-12-22',39.67,'box',0,39,'2026-03-13'),(55,'Naloxone 0.4mg','medication',1,66,11,'2026-10-22',37.93,'box',0,29,'2026-03-13'),(56,'Activated Charcoal','medication',1,63,19,'2026-06-01',27.49,'box',0,31,'2026-03-13'),(57,'N-Acetylcysteine 200mg','medication',1,89,14,'2026-09-30',37.48,'box',0,29,'2026-03-13'),(58,'Hydrocortisone 100mg Inj','medication',1,23,14,'2026-09-30',29.86,'box',0,6,'2026-03-13'),(59,'Salbutamol Nebules','medication',1,17,18,'2027-01-03',19.72,'box',0,7,'2026-03-13'),(60,'Ipratropium Nebules','medication',1,81,14,'2026-09-30',38.32,'box',0,34,'2026-03-13'),(61,'Nitroglycerin Sublingual','medication',1,60,17,'2026-08-18',10.27,'box',0,14,'2026-03-13'),(62,'Aspirin 300mg','medication',1,68,15,'2026-04-16',44.14,'box',0,20,'2026-03-13'),(63,'Heparin 5000IU','medication',1,67,17,'2026-09-30',28.97,'box',0,21,'2026-03-13'),(64,'Insulin Regular 100IU','medication',1,32,16,'2026-09-30',11.97,'box',0,14,'2026-03-13'),(65,'Dextrose 50%','medication',1,69,17,'2026-09-30',41.68,'box',0,16,'2026-03-13'),(66,'Calcium Gluconate 10%','medication',1,71,20,'2026-04-12',10.14,'box',0,18,'2026-03-13'),(67,'Sodium Bicarbonate 8.4%','medication',1,19,12,'2026-06-24',27.11,'box',0,6,'2026-03-13'),(68,'Mannitol 20%','medication',1,24,15,'2026-08-25',25.72,'box',0,10,'2026-03-13'),(69,'Normal Saline 0.9% 1L','IV supply',1,135,40,'2026-06-22',21.89,'bag',0,68,'2026-03-13'),(70,'Normal Saline 0.9% 500ml','IV supply',1,224,37,'2026-05-16',5.25,'bag',0,154,'2026-03-13'),(71,'Dextrose 5% 1L','IV supply',1,199,30,'2027-03-06',2.46,'unit',0,101,'2026-03-13'),(72,'Ringer\'s Lactate 1L','IV supply',1,84,38,'2026-12-30',2.83,'bag',0,41,'2026-03-13'),(73,'IV Cannula 18G','IV supply',1,59,21,'2026-12-04',19.4,'unit',0,34,'2026-03-13'),(74,'IV Cannula 20G','IV supply',1,192,44,'2025-03-27',1.69,'unit',0,81,'2026-03-13'),(75,'IV Cannula 22G','IV supply',1,162,21,'2026-05-14',6.31,'unit',0,110,'2026-03-13'),(76,'IV Set Adult','IV supply',1,108,45,'2024-12-11',5.33,'unit',0,44,'2026-03-13'),(77,'IV Set Pediatric','IV supply',1,93,28,'2026-07-08',5.43,'unit',0,64,'2026-03-13'),(78,'Three-Way Stopcock','IV supply',1,68,37,'2026-12-28',1.99,'unit',0,32,'2026-03-13'),(79,'Normal Saline 0.9% 1L','IV supply',2,64,21,'2026-03-31',21.89,'bag',0,44,'2026-03-13'),(80,'Dextrose 5% 500ml','IV supply',2,40,13,'2026-06-13',6.53,'unit',0,24,'2026-03-13'),(81,'Ringer\'s Lactate 1L','IV supply',2,55,14,'2026-11-30',2.83,'bag',0,37,'2026-03-13'),(82,'IV Cannula 16G','IV supply',2,117,15,'2026-08-08',39.32,'unit',0,59,'2026-03-13'),(83,'IV Cannula 18G','IV supply',2,79,29,'2027-02-09',19.4,'unit',0,38,'2026-03-13'),(84,'Central Line Kit','IV supply',2,61,20,'2026-08-01',3.32,'unit',0,32,'2026-03-13'),(85,'IV Set Adult','IV supply',2,107,30,'2026-04-17',5.33,'unit',0,57,'2026-03-13'),(86,'Syringe Pump Set','IV supply',2,65,13,'2026-05-27',22.85,'unit',0,24,'2026-03-13'),(87,'TPN Bag','IV supply',2,23,17,'2025-06-21',41.34,'unit',0,14,'2026-03-13'),(88,'Surgical Gloves S','PPE',1,456,42,NULL,3.87,'pair',0,266,'2026-03-13'),(89,'Surgical Gloves M','PPE',1,170,86,NULL,2.92,'pair',0,59,'2026-03-13'),(90,'Surgical Gloves L','PPE',1,358,40,NULL,2.61,'pair',0,128,'2026-03-13'),(91,'Nitrile Gloves M','PPE',1,132,51,NULL,2.11,'pair',0,50,'2026-03-13'),(92,'Nitrile Gloves L','PPE',1,241,62,NULL,3.16,'pair',0,117,'2026-03-13'),(93,'Surgical Mask','PPE',1,73,80,NULL,0.94,'unit',0,42,'2026-03-13'),(94,'N95 Mask','PPE',1,131,46,NULL,2.28,'unit',0,56,'2026-03-13'),(95,'Face Shield','PPE',1,196,67,NULL,1.65,'unit',0,77,'2026-03-13'),(96,'Isolation Gown','PPE',1,302,84,NULL,2.48,'unit',0,204,'2026-03-13'),(97,'Shoe Covers','PPE',1,70,75,NULL,2.32,'unit',0,31,'2026-03-13'),(98,'Surgical Gloves S','PPE',2,399,70,NULL,3.87,'pair',0,233,'2026-03-13'),(99,'Surgical Gloves M','PPE',2,389,71,NULL,2.92,'pair',0,199,'2026-03-13'),(100,'Surgical Gloves L','PPE',2,67,78,NULL,2.61,'pair',0,30,'2026-03-13'),(101,'Nitrile Gloves M','PPE',2,362,59,NULL,2.11,'pair',0,148,'2026-03-13'),(102,'Nitrile Gloves L','PPE',2,405,32,NULL,3.16,'pair',0,272,'2026-03-13'),(103,'Surgical Mask','PPE',2,197,81,NULL,0.94,'unit',0,74,'2026-03-13'),(104,'N95 Mask','PPE',2,416,59,NULL,2.28,'unit',0,240,'2026-03-13'),(105,'Face Shield','PPE',2,258,36,NULL,1.65,'unit',0,92,'2026-03-13'),(106,'Isolation Gown','PPE',2,381,63,NULL,2.48,'unit',0,152,'2026-03-13'),(107,'Shoe Covers','PPE',2,340,42,NULL,2.32,'unit',0,196,'2026-03-13'),(108,'Surgical Gloves S','PPE',5,339,33,NULL,3.87,'pair',0,216,'2026-03-13'),(109,'Surgical Gloves M','PPE',5,117,53,NULL,2.92,'pair',0,47,'2026-03-13'),(110,'Surgical Gloves L','PPE',5,81,62,NULL,2.61,'pair',0,37,'2026-03-13'),(111,'Nitrile Gloves M','PPE',5,441,85,NULL,2.11,'pair',0,184,'2026-03-13'),(112,'Nitrile Gloves L','PPE',5,379,34,NULL,3.16,'pair',0,260,'2026-03-13'),(113,'Surgical Mask','PPE',5,278,39,NULL,0.94,'unit',0,119,'2026-03-13'),(114,'N95 Mask','PPE',5,169,73,NULL,2.28,'unit',0,73,'2026-03-13'),(115,'Face Shield','PPE',5,294,41,NULL,1.65,'unit',0,156,'2026-03-13'),(116,'Isolation Gown','PPE',5,131,59,NULL,2.48,'unit',0,87,'2026-03-13'),(117,'Shoe Covers','PPE',5,298,56,NULL,2.32,'unit',0,201,'2026-03-13'),(118,'Surgical Gloves S','PPE',20,101,85,NULL,3.87,'pair',0,68,'2026-03-13'),(119,'Surgical Gloves M','PPE',20,459,52,NULL,2.92,'pair',0,312,'2026-03-13'),(120,'Surgical Gloves L','PPE',20,427,61,NULL,2.61,'pair',0,283,'2026-03-13'),(121,'Nitrile Gloves M','PPE',20,401,62,NULL,2.11,'pair',0,231,'2026-03-13'),(122,'Nitrile Gloves L','PPE',20,314,94,NULL,3.16,'pair',0,169,'2026-03-13'),(123,'Surgical Mask','PPE',20,485,99,NULL,0.94,'unit',0,303,'2026-03-13'),(124,'N95 Mask','PPE',20,173,97,NULL,2.28,'unit',0,78,'2026-03-13'),(125,'Face Shield','PPE',20,410,83,NULL,1.65,'unit',0,156,'2026-03-13'),(126,'Isolation Gown','PPE',20,337,39,NULL,2.48,'unit',0,187,'2026-03-13'),(127,'Shoe Covers','PPE',20,215,72,NULL,2.32,'unit',0,125,'2026-03-13'),(128,'Syringe 3ml','consumable',1,69,50,NULL,5.58,'unit',0,38,'2026-03-13'),(129,'Syringe 5ml','consumable',1,39,37,NULL,4.13,'unit',0,25,'2026-03-13'),(130,'Syringe 10ml','consumable',1,117,13,NULL,11.23,'unit',0,71,'2026-03-13'),(131,'Needle 21G','consumable',1,114,27,NULL,12.11,'unit',0,79,'2026-03-13'),(132,'Needle 23G','consumable',1,150,10,NULL,9.61,'unit',0,90,'2026-03-13'),(133,'Cotton Balls','consumable',1,171,22,NULL,11.7,'unit',0,100,'2026-03-13'),(134,'Gauze Pads 4x4','consumable',1,78,20,NULL,5.22,'unit',0,32,'2026-03-13'),(135,'Adhesive Tape','consumable',1,92,29,NULL,9.13,'unit',0,62,'2026-03-13'),(136,'Bandage Roll','consumable',1,121,38,NULL,9.48,'unit',0,48,'2026-03-13'),(137,'Suture Silk 2-0','consumable',1,33,32,NULL,7.11,'unit',0,21,'2026-03-13'),(138,'Suture Nylon 3-0','consumable',1,60,34,NULL,2.02,'unit',0,40,'2026-03-13'),(139,'Suture Vicryl 2-0','consumable',1,182,34,NULL,7.59,'unit',0,65,'2026-03-13'),(140,'Surgical Blade #10','consumable',1,98,14,NULL,3.75,'unit',0,46,'2026-03-13'),(141,'Surgical Blade #15','consumable',1,110,23,NULL,5.19,'unit',0,66,'2026-03-13'),(142,'Urinary Catheter 16Fr','consumable',1,151,14,NULL,7.16,'unit',0,80,'2026-03-13'),(143,'Nasogastric Tube 16Fr','consumable',1,242,17,NULL,6.91,'unit',0,125,'2026-03-13'),(144,'Chest Tube 28Fr','consumable',1,61,33,NULL,5.74,'unit',0,38,'2026-03-13'),(145,'Oxygen Nasal Cannula','consumable',1,212,45,NULL,10.11,'unit',0,122,'2026-03-13'),(146,'Oxygen Mask Adult','consumable',1,154,30,NULL,12.14,'unit',0,96,'2026-03-13'),(147,'Endotracheal Tube 7.0','consumable',1,79,27,NULL,7.77,'unit',0,54,'2026-03-13'),(148,'Syringe 3ml','consumable',5,52,12,NULL,5.58,'unit',0,27,'2026-03-13'),(149,'Syringe 5ml','consumable',5,186,49,NULL,4.13,'unit',0,106,'2026-03-13'),(150,'Syringe 10ml','consumable',5,177,49,NULL,11.23,'unit',0,100,'2026-03-13'),(151,'Needle 21G','consumable',5,128,38,NULL,12.11,'unit',0,53,'2026-03-13'),(152,'Needle 23G','consumable',5,287,11,NULL,9.61,'unit',0,112,'2026-03-13'),(153,'Cotton Balls','consumable',5,154,14,NULL,11.7,'unit',0,55,'2026-03-13'),(154,'Gauze Pads 4x4','consumable',5,82,11,NULL,5.22,'unit',0,51,'2026-03-13'),(155,'Adhesive Tape','consumable',5,246,37,NULL,9.13,'unit',0,165,'2026-03-13'),(156,'Bandage Roll','consumable',5,184,42,NULL,9.48,'unit',0,76,'2026-03-13'),(157,'Suture Silk 2-0','consumable',5,293,16,NULL,7.11,'unit',0,123,'2026-03-13'),(158,'Suture Nylon 3-0','consumable',5,223,23,NULL,2.02,'unit',0,112,'2026-03-13'),(159,'Suture Vicryl 2-0','consumable',5,163,39,NULL,7.59,'unit',0,89,'2026-03-13'),(160,'Surgical Blade #10','consumable',5,193,48,NULL,3.75,'unit',0,105,'2026-03-13'),(161,'Surgical Blade #15','consumable',5,30,13,NULL,5.19,'unit',0,11,'2026-03-13'),(162,'Urinary Catheter 16Fr','consumable',5,86,36,NULL,7.16,'unit',0,48,'2026-03-13'),(163,'Nasogastric Tube 16Fr','consumable',5,29,11,NULL,6.91,'unit',0,19,'2026-03-13'),(164,'Chest Tube 28Fr','consumable',5,184,23,NULL,5.74,'unit',0,121,'2026-03-13'),(165,'Oxygen Nasal Cannula','consumable',5,74,10,NULL,10.11,'unit',0,40,'2026-03-13'),(166,'Oxygen Mask Adult','consumable',5,166,21,NULL,12.14,'unit',0,72,'2026-03-13'),(167,'Endotracheal Tube 7.0','consumable',5,166,21,NULL,7.77,'unit',0,86,'2026-03-13'),(168,'Syringe 3ml','consumable',12,73,29,NULL,5.58,'unit',0,42,'2026-03-13'),(169,'Syringe 5ml','consumable',12,234,34,NULL,4.13,'unit',0,156,'2026-03-13'),(170,'Syringe 10ml','consumable',12,59,27,NULL,11.23,'unit',0,31,'2026-03-13'),(171,'Needle 21G','consumable',12,175,26,NULL,12.11,'unit',0,120,'2026-03-13'),(172,'Needle 23G','consumable',12,101,27,NULL,9.61,'unit',0,43,'2026-03-13'),(173,'Cotton Balls','consumable',12,37,48,NULL,11.7,'unit',0,15,'2026-03-13'),(174,'Gauze Pads 4x4','consumable',12,148,40,NULL,5.22,'unit',0,75,'2026-03-13'),(175,'Adhesive Tape','consumable',12,168,48,NULL,9.13,'unit',0,92,'2026-03-13'),(176,'Bandage Roll','consumable',12,276,29,NULL,9.48,'unit',0,147,'2026-03-13'),(177,'Suture Silk 2-0','consumable',12,149,42,NULL,7.11,'unit',0,98,'2026-03-13'),(178,'Suture Nylon 3-0','consumable',12,114,39,NULL,2.02,'unit',0,75,'2026-03-13'),(179,'Suture Vicryl 2-0','consumable',12,117,31,NULL,7.59,'unit',0,71,'2026-03-13'),(180,'Surgical Blade #10','consumable',12,277,24,NULL,3.75,'unit',0,102,'2026-03-13'),(181,'Surgical Blade #15','consumable',12,284,14,NULL,5.19,'unit',0,103,'2026-03-13'),(182,'Urinary Catheter 16Fr','consumable',12,242,19,NULL,7.16,'unit',0,90,'2026-03-13'),(183,'Nasogastric Tube 16Fr','consumable',12,192,35,NULL,6.91,'unit',0,81,'2026-03-13'),(184,'Chest Tube 28Fr','consumable',12,62,10,NULL,5.74,'unit',0,40,'2026-03-13'),(185,'Oxygen Nasal Cannula','consumable',12,237,39,NULL,10.11,'unit',0,142,'2026-03-13'),(186,'Oxygen Mask Adult','consumable',12,22,22,NULL,12.14,'unit',0,15,'2026-03-13'),(187,'Endotracheal Tube 7.0','consumable',12,65,25,NULL,7.77,'unit',0,39,'2026-03-13'),(188,'Anti-A Serum','blood product',14,5,4,'2026-06-19',66.41,'bag',0,1,'2026-03-13'),(189,'Anti-B Serum','blood product',14,11,4,'2026-09-25',119.89,'bag',0,2,'2026-03-13'),(190,'Anti-D Serum','blood product',14,22,5,'2026-10-01',130.96,'bag',0,4,'2026-03-13'),(191,'Factor VIII 200IU','blood product',14,12,2,'2026-10-06',59.24,'bag',0,3,'2026-03-13'),(192,'Factor VIII 400IU','blood product',14,14,7,'2026-11-11',27.71,'bag',0,2,'2026-03-13'),(193,'Human Albumin 20%','blood product',14,22,6,'2026-09-27',117.61,'bag',0,7,'2026-03-13'),(194,'Human Immunoglobulin','blood product',14,13,5,'2027-01-17',43.53,'bag',0,5,'2026-03-13'),(195,'Rabies Immunoglobulin','blood product',14,24,7,'2026-05-14',184.28,'bag',0,4,'2026-03-13'),(196,'Packed RBCs O+','blood product',14,23,5,'2026-10-20',57.57,'bag',0,3,'2026-03-13'),(197,'Packed RBCs A+','blood product',14,27,10,'2026-02-10',96.44,'bag',0,8,'2026-03-13'),(198,'Packed RBCs B+','blood product',14,17,4,'2027-01-25',82.56,'bag',0,4,'2026-03-13'),(199,'Packed RBCs AB+','blood product',14,7,10,'2026-10-14',163.78,'bag',0,2,'2026-03-13'),(200,'Fresh Frozen Plasma','blood product',14,11,2,'2026-10-29',129.06,'bag',0,1,'2026-03-13'),(201,'Platelet Concentrate','blood product',14,13,4,'2026-11-03',98.5,'bag',0,4,'2026-03-13'),(202,'Cryoprecipitate','blood product',14,4,10,'2026-07-10',191.91,'bag',0,0,'2026-03-13'),(203,'CBC Reagent Kit','lab supply',14,152,14,'2026-10-03',13.02,'kit',0,32,'2026-03-13'),(204,'CRP Test Kit','lab supply',14,151,15,'2026-05-11',33.46,'kit',0,42,'2026-03-13'),(205,'RF Test Kit','lab supply',14,186,8,'2026-06-15',19.45,'kit',0,65,'2026-03-13'),(206,'ASO Test Kit','lab supply',14,18,26,'2026-12-17',12.34,'kit',0,4,'2026-03-13'),(207,'HIV Rapid Test','lab supply',14,60,25,'2024-11-09',1.89,'kit',0,23,'2026-03-13'),(208,'HCV Rapid Test','lab supply',14,170,7,'2026-11-24',13.99,'kit',0,37,'2026-03-13'),(209,'HBsAg Rapid Test','lab supply',14,149,22,'2026-08-31',13.36,'kit',0,44,'2026-03-13'),(210,'Blood Glucose Strip','lab supply',14,174,17,'2025-02-21',4.13,'kit',0,32,'2026-03-13'),(211,'Urine Pregnancy Test','lab supply',14,62,29,'2026-08-31',5.14,'kit',0,24,'2026-03-13'),(212,'Blood Pregnancy Test','lab supply',14,77,26,'2024-09-09',32.21,'kit',0,20,'2026-03-13'),(213,'H. pylori Blood Test','lab supply',14,104,17,'2026-08-31',20.97,'kit',0,24,'2026-03-13'),(214,'H. pylori Stool Test','lab supply',14,161,8,'2026-02-09',23.41,'kit',0,39,'2026-03-13'),(215,'Troponin Rapid Test','lab supply',14,84,13,'2026-10-02',31.38,'kit',0,29,'2026-03-13'),(216,'HbA1c Reagent','lab supply',14,44,26,'2026-11-26',34.36,'kit',0,16,'2026-03-13'),(217,'PT-PTT Control','lab supply',14,43,14,'2026-05-20',23.32,'kit',0,16,'2026-03-13'),(218,'Blood Collection Tube Red','lab supply',14,16,22,'2027-02-04',18.96,'unit',0,2,'2026-03-13'),(219,'Blood Collection Tube Purple','lab supply',14,46,12,'2026-08-31',18.57,'unit',0,14,'2026-03-13'),(220,'Blood Collection Tube Blue','lab supply',14,42,13,'2026-10-12',15.48,'unit',0,15,'2026-03-13'),(221,'Urine Collection Cup','lab supply',14,108,7,'2026-10-06',33.78,'kit',0,27,'2026-03-13'),(222,'Microscope Slides','lab supply',14,17,20,'2026-08-31',17,'kit',0,4,'2026-03-13'),(223,'Dialysis Filter','dialysis supply',23,18,20,'2026-11-18',20.19,'unit',0,3,'2026-03-13'),(224,'Dialysis Needle 15G','dialysis supply',23,74,6,'2027-02-03',28.86,'unit',0,12,'2026-03-13'),(225,'Dialysis Needle 16G','dialysis supply',23,18,16,'2026-10-20',57.55,'unit',0,3,'2026-03-13'),(226,'5008 Capsule','dialysis supply',23,92,16,'2026-08-04',45.2,'unit',0,26,'2026-03-13'),(227,'Gambro Capsule','dialysis supply',23,15,7,'2026-05-16',50.21,'unit',0,3,'2026-03-13'),(228,'4008 Connector','dialysis supply',23,11,19,'2026-10-20',39.66,'unit',0,3,'2026-03-13'),(229,'5008 Connector','dialysis supply',23,68,20,'2026-03-13',43.94,'unit',0,23,'2026-03-13'),(230,'Gambro Connector','dialysis supply',23,37,6,'2026-08-01',15.55,'unit',0,13,'2026-03-13'),(231,'B. Braun Connector','dialysis supply',23,91,18,'2026-06-17',53.62,'unit',0,29,'2026-03-13'),(232,'Dialysis Powder Bag','dialysis supply',23,80,19,'2026-10-20',50.56,'unit',0,13,'2026-03-13'),(233,'Dialysis Solution Can','dialysis supply',23,12,6,'2026-10-20',6.22,'unit',0,2,'2026-03-13'),(234,'Heparin Lock','dialysis supply',23,14,12,'2026-10-26',25.43,'unit',0,2,'2026-03-13'),(235,'AV Fistula Needle Set','dialysis supply',23,57,20,'2026-07-23',10.76,'unit',0,18,'2026-03-13'),(236,'Dialysis Blood Line Set','dialysis supply',23,83,16,'2026-05-16',53.78,'unit',0,17,'2026-03-13'),(237,'Bicarbonate Cartridge','dialysis supply',23,98,6,'2026-08-16',21.79,'unit',0,39,'2026-03-13'),(238,'Dental Anesthetic Cartridge','dental supply',24,57,11,'2026-04-24',11.29,'unit',0,12,'2026-03-13'),(239,'Dental Needle 27G','dental supply',24,75,13,'2026-08-16',16.18,'unit',0,21,'2026-03-13'),(240,'Dental Mirror','dental supply',24,62,13,NULL,19.7,'unit',0,22,'2026-03-13'),(241,'Dental Explorer','dental supply',24,81,10,NULL,28.39,'unit',0,26,'2026-03-13'),(242,'Cotton Pellets','dental supply',24,39,10,'2026-11-16',38.24,'unit',0,14,'2026-03-13'),(243,'Composite Filling Kit','dental supply',24,12,10,'2026-12-15',12.69,'unit',0,2,'2026-03-13'),(244,'Temporary Filling Material','dental supply',24,51,17,'2026-12-15',35.48,'unit',0,18,'2026-03-13'),(245,'Dental Extraction Forceps','dental supply',24,57,10,NULL,22.33,'unit',0,13,'2026-03-13'),(246,'Dental Scaler Tip','dental supply',24,69,13,NULL,25.56,'unit',0,11,'2026-03-13'),(247,'Dental Impression Material','dental supply',24,90,10,'2024-10-23',27.94,'unit',0,22,'2026-03-13'),(248,'Oxygen Cylinder Full','equipment',1,20,6,NULL,73.61,'cylinder',0,10,'2026-03-13'),(249,'Oxygen Cylinder Empty','equipment',1,8,6,NULL,25.45,'cylinder',0,0,'2026-03-13'),(250,'Oxygen Regulator','equipment',1,12,3,NULL,61.04,'unit',0,0,'2026-03-13'),(251,'Oxygen Flowmeter','equipment',1,12,5,NULL,96.8,'unit',0,0,'2026-03-13'),(252,'Oxygen Cylinder Full','equipment',2,20,6,NULL,73.61,'cylinder',0,10,'2026-03-13'),(253,'Oxygen Cylinder Empty','equipment',2,6,7,NULL,25.45,'cylinder',0,0,'2026-03-13'),(254,'Oxygen Regulator','equipment',2,10,7,NULL,61.04,'unit',0,0,'2026-03-13'),(255,'Oxygen Flowmeter','equipment',2,10,3,NULL,96.8,'unit',0,0,'2026-03-13'),(256,'Oxygen Cylinder Full','equipment',12,15,5,NULL,73.61,'cylinder',0,5,'2026-03-13'),(257,'Oxygen Cylinder Empty','equipment',12,5,4,NULL,25.45,'cylinder',0,0,'2026-03-13'),(258,'Oxygen Regulator','equipment',12,8,7,NULL,61.04,'unit',0,0,'2026-03-13'),(259,'Oxygen Flowmeter','equipment',12,8,5,NULL,96.8,'unit',0,0,'2026-03-13'),(260,'Delivery Kit','consumable',4,21,10,'2025-05-14',23.74,'unit',0,13,'2026-03-13'),(261,'Episiotomy Kit','consumable',4,16,13,'2027-03-12',44.68,'unit',0,6,'2026-03-13'),(262,'Vacuum Extractor Cup','consumable',4,32,12,'2026-11-11',29.69,'unit',0,18,'2026-03-13'),(263,'Umbilical Cord Clamp','consumable',4,25,7,'2026-06-25',43.31,'unit',0,15,'2026-03-13'),(264,'Neonatal Resuscitation Bag','consumable',4,44,5,'2026-10-31',26.45,'unit',0,29,'2026-03-13'),(265,'Oxytocin 10IU','consumable',4,49,5,'2026-10-31',26.2,'unit',0,18,'2026-03-13'),(266,'Misoprostol 200mcg','consumable',4,34,5,'2026-10-31',21.38,'unit',0,21,'2026-03-13'),(267,'Magnesium Sulfate Inj','consumable',4,36,12,'2026-05-07',14.9,'unit',0,20,'2026-03-13'),(268,'Betamethasone 12mg','consumable',4,33,12,'2026-08-02',35.5,'unit',0,20,'2026-03-13'),(269,'Infant Nasal Cannula','consumable',3,35,3,'2026-12-11',55.03,'unit',0,23,'2026-03-13'),(270,'Infant Oxygen Mask','consumable',3,17,4,NULL,32.34,'unit',0,7,'2026-03-13'),(271,'Neonatal IV Set','consumable',3,25,3,'2027-01-15',70.59,'unit',0,16,'2026-03-13'),(272,'Umbilical Catheter 3.5Fr','consumable',3,12,9,'2026-07-13',79.31,'unit',0,6,'2026-03-13'),(273,'Surfactant Vial','consumable',3,5,4,NULL,60.34,'unit',0,2,'2026-03-13'),(274,'Phototherapy Eye Mask','consumable',3,13,6,'2027-01-15',4.56,'unit',0,6,'2026-03-13'),(275,'Incubator Probe Cover','consumable',3,8,3,NULL,17.82,'unit',0,4,'2026-03-13'),(276,'Neonatal Blood Pressure Cuff','consumable',3,18,6,NULL,17.16,'unit',0,11,'2026-03-13'),(277,'Tropicamide Eye Drops','medication',9,26,12,'2027-01-10',16.92,'box',0,9,'2026-03-13'),(278,'Phenylephrine Eye Drops','medication',9,32,10,'2025-02-05',7.26,'box',0,13,'2026-03-13'),(279,'Fluorescein Strips','medication',9,51,12,'2026-08-07',5.01,'box',0,16,'2026-03-13'),(280,'Tobramycin Eye Drops','medication',9,12,8,'2026-08-27',17.75,'box',0,5,'2026-03-13'),(281,'Moxifloxacin Eye Drops','medication',9,28,10,'2026-10-08',5.35,'box',0,13,'2026-03-13'),(282,'Artificial Tears','medication',9,53,12,'2026-04-22',13.77,'box',0,25,'2026-03-13'),(283,'Tetracaine Eye Drops','medication',9,60,15,'2026-12-31',13.67,'box',0,28,'2026-03-13'),(284,'Eye Pad Sterile','consumable',9,10,12,NULL,6.59,'unit',0,6,'2026-03-13'),(285,'Ophthalmoscope Bulb','medication',9,48,6,'2026-12-31',3.95,'box',0,14,'2026-03-13'),(286,'Plaster of Paris Roll','consumable',11,6,9,NULL,25.49,'unit',0,2,'2026-03-13'),(287,'Fiberglass Cast Tape','consumable',11,28,14,NULL,32.13,'unit',0,18,'2026-03-13'),(288,'Cast Padding','consumable',11,50,3,NULL,7.77,'unit',0,33,'2026-03-13'),(289,'Elastic Bandage 4in','consumable',11,27,8,NULL,21.46,'unit',0,18,'2026-03-13'),(290,'Elastic Bandage 6in','consumable',11,48,7,NULL,33.67,'unit',0,17,'2026-03-13'),(291,'Arm Sling','consumable',11,21,9,NULL,7.52,'unit',0,10,'2026-03-13'),(292,'Splint Aluminum Finger','consumable',11,19,13,NULL,12.19,'unit',0,11,'2026-03-13'),(293,'Crutch Pair','consumable',11,39,4,NULL,4.9,'unit',0,21,'2026-03-13'),(294,'Knee Immobilizer','consumable',11,35,4,NULL,28.04,'unit',0,18,'2026-03-13'),(295,'Detergent Powder 5kg','consumable',21,194,16,NULL,3.67,'unit',0,73,'2026-03-13'),(296,'Disinfectant Solution 5L','consumable',21,119,37,NULL,8.7,'unit',0,74,'2026-03-13'),(297,'Autoclave Indicator Strip','consumable',21,76,37,NULL,6.89,'unit',0,44,'2026-03-13'),(298,'Sterilization Pouch Small','consumable',21,53,27,NULL,7.03,'unit',0,19,'2026-03-13'),(299,'Sterilization Pouch Large','consumable',21,163,22,NULL,5.03,'unit',0,68,'2026-03-13'),(300,'Linen Bedsheet','consumable',21,186,10,NULL,21.88,'unit',0,120,'2026-03-13'),(301,'Pillow Cover','consumable',21,100,16,NULL,10.05,'unit',0,56,'2026-03-13'),(302,'Patient Gown','consumable',21,147,33,NULL,20.04,'unit',0,81,'2026-03-13'),(303,'Surgical Drape','consumable',21,63,38,NULL,18.04,'unit',0,23,'2026-03-13');

--
-- Dumping routines for database 'hospital_ops'
--
/*!50003 SET @saved_cs_client      = @@character_set_client */ ;
/*!50003 SET @saved_cs_results     = @@character_set_results */ ;
/*!50003 SET @saved_col_connection = @@collation_connection */ ;
/*!50003 SET character_set_client  = utf8mb4 */ ;
/*!50003 SET character_set_results = utf8mb4 */ ;
/*!50003 SET collation_connection  = utf8mb4_0900_ai_ci */ ;
/*!50003 SET @saved_sql_mode       = @@sql_mode */ ;
/*!50003 SET sql_mode              = 'ONLY_FULL_GROUP_BY,STRICT_TRANS_TABLES,NO_ZERO_IN_DATE,NO_ZERO_DATE,ERROR_FOR_DIVISION_BY_ZERO,NO_ENGINE_SUBSTITUTION' */ ;
DELIMITER ;;
CREATE DEFINER=`root`@`localhost` PROCEDURE `ComputeQualityIndicators`(
  IN p_start_date DATE,
  IN p_end_date DATE
)
BEGIN
  DECLARE v_computation_date DATE;
  DECLARE v_days_in_period INT;

  -- Validate reporting period
  IF p_start_date IS NULL OR p_end_date IS NULL OR p_start_date > p_end_date THEN 
    SIGNAL SQLSTATE '45000' 
    SET MESSAGE_TEXT = 'Invalid reporting period';
  END IF;

  -- Procedure-level values used across all indicators
  SET v_computation_date = CURDATE();
  SET v_days_in_period = DATEDIFF(p_end_date, p_start_date) + 1;

  -- Remove prior indicators for the selected period 
  DELETE FROM quality_indicators
  WHERE ReportingPeriodStart = p_start_date 
    AND ReportingPeriodEnd = p_end_date 
    AND IndicatorID > 0;

-- Insert all computed indicators
  INSERT INTO quality_indicators
    (DepartmentID, CatchmentArea, IndicatorName, ReportingPeriodStart, 
     ReportingPeriodEnd, Numerator, Denominator, ComputedValue, SeverityFlag, 
     ComputationDate, DerivationRule)
SELECT q.DepartmentID, q.CatchmentArea, q.IndicatorName, p_start_date, p_end_date, 
  q.Numerator, q.Denominator, q.ComputedValue, 
  IF(q.ComputedValue > q.CriticalCutoff, 'critical', 
  IF(q.ComputedValue > q.ElevatedCutoff, 'elevated', 'normal')), 
  v_computation_date, q.DerivationRule 
FROM (

  -- 1. Readmission rate by catchment area
  SELECT NULL AS DepartmentID, p.CatchmentArea, 
   'readmission_rate_30d' AS IndicatorName, 
   SUM(IF(e.IsReadmission = 'Yes', 1, 0)) AS Numerator,
   COUNT(*) AS Denominator,
   ROUND(SUM(IF(e.IsReadmission = 'Yes', 1.0, 0)) * 100 / COUNT(*), 1) AS ComputedValue, 
   10 AS CriticalCutoff, 
   5 AS ElevatedCutoff,
   'Readmissions / inpatient+ED encounters per catchment area' AS DerivationRule 
FROM encounters e
JOIN patients p ON e.PatientID = p.PatientID
WHERE e.EncounterType IN ('inpatient', 'emergency')
  AND e.EncounterDate BETWEEN p_start_date AND p_end_date
GROUP BY p.CatchmentArea

UNION ALL

-- 2. First-encounter complication rate by catchment area
SELECT NULL AS DepartmentID, p.CatchmentArea,
  'first_encounter_complication_rate' AS IndicatorName,
  SUM(IF(first_e.EncounterType IN ('emergency', 'inpatient'), 1, 0)) AS Numerator, 
  COUNT(*) AS Denominator, 
  ROUND(SUM(IF(first_e.EncounterType IN ('emergency', 'inpatient'), 1, 0)) * 100 / 
    COUNT(*), 1) AS ComputedValue,
  50 AS CriticalCutoff, 
  30 AS ElevatedCutoff,
  'Patients whose first encounter is emergency/inpatient per catchment' AS 
    DerivationRule
FROM (
  -- To keep each patient's first encounter in the reporting period
  SELECT e.PatientID, e.EncounterType,
  ROW_NUMBER() OVER (PARTITION BY e.PatientID ORDER BY e.EncounterDate) AS rn
  FROM encounters e
  WHERE e.EncounterDate BETWEEN p_start_date AND p_end_date
) first_e
JOIN patients p ON first_e.PatientID = p.PatientID
WHERE first_e.rn = 1
GROUP BY p.CatchmentArea

UNION ALL

-- 3. Bed utilization rate by department
SELECT d.DepartmentID, NULL AS CatchmentArea,
  'bed_utilization_rate' AS IndicatorName,
  SUM(e.LengthOfStayDays) AS Numerator, 
  d.BedCapacity * v_days_in_period AS Denominator, 
  ROUND(SUM(e.LengthOfStayDays) * 100 / (d.BedCapacity * v_days_in_period), 2) AS 
    ComputedValue,
  85 AS CriticalCutoff, 
  70 AS ElevatedCutoff, 
  'Total bed-days used / (bed capacity x days in period) per department' 
FROM encounters e
JOIN departments d ON e.DepartmentID = d.departmentID
WHERE e.EncounterType = 'inpatient' 
  AND e.LengthOfStayDays > 0
  AND d.BedCapacity > 0
  AND e.EncounterDate BETWEEN p_start_date AND p_end_date 
GROUP BY d.DepartmentID, d.DepartmentName, d.BedCapacity

UNION ALL

-- 4. Provider Workload index by department 
SELECT enc_counts.departmentID, NULL AS CatchmentArea,
  'provider_workload_index' AS IndicatorName,
  enc_counts.EncounterCount AS Numerator, 
  active_staff.StaffCount * v_days_in_period AS Denominator, 
  ROUND(enc_counts.EncounterCount * 1 / (active_staff.StaffCount * 
     v_days_in_period), 4) AS ComputedValue,
  0.5 AS CriticalCutoff, 
  0.3 AS ElevatedCutoff, 
  'Encounters / (active clinical staff x days in period) per department' 
FROM (
  -- To count encounters by department during the reporting period
  SELECT DepartmentID, 
   COUNT(*) AS EncounterCount 
  FROM encounters
  WHERE EncounterDate BETWEEN p_start_date AND p_end_date
  GROUP BY DepartmentID
) enc_counts
JOIN (
  -- To count active staff during the reporting period
  SELECT DepartmentID, COUNT(*) AS StaffCount
  FROM staff
  WHERE EmploymentStatus = 'active'
    AND Role IN ('resident', 'nurse', 'specialist', 'consultant') 
  GROUP BY DepartmentID
) active_staff 
  ON enc_counts.DepartmentID = active_staff.DepartmentID

) q;

END ;;
DELIMITER ;
/*!50003 SET sql_mode              = @saved_sql_mode */ ;
/*!50003 SET character_set_client  = @saved_cs_client */ ;
/*!50003 SET character_set_results = @saved_cs_results */ ;
/*!50003 SET collation_connection  = @saved_col_connection */ ;
